date,spectral_radius,spectral_gap,mean_correlation,modularity,avg_clustering,avg_degree,regime,sr_exceed_q90,mc_red,mod_breakdown,any_warning
2025-07-01,62.111398809820244,58.42887692887099,0.6161439053261434,0.026231227172241384,0.9243162755279649,82.42424242424242,unknown,False,False,False,False
2025-07-02,62.068977794897464,58.415071871174334,0.6155630668332127,0.02553710823815941,0.9230611787106499,82.36363636363636,unknown,False,False,False,False
2025-07-03,56.11123015194241,51.98422611542746,0.5504298583203311,0.04046440613873967,0.8497505943658582,67.53535353535354,unknown,False,False,False,False
2025-07-04,51.24383890412321,46.568513735572274,0.5026528667856682,0.08803133812966157,0.7523611505943386,52.666666666666664,unknown,False,False,False,False
2025-07-07,43.53701770786647,38.129840047531665,0.42305885852302866,0.17021882397794935,0.6340760543377392,28.96969696969697,unknown,False,False,False,False
2025-07-08,34.32278245062241,28.055638627771035,0.32537444856843,0.29546027631825855,0.4335027431326471,11.797979797979798,unknown,False,False,False,False
2025-07-09,34.503838716063335,29.804752780895587,0.3263816286848158,0.22770299373577663,0.40316394721996435,10.969696969696969,unknown,False,False,False,False
2025-07-10,34.29762352905467,29.598096481312595,0.32354446303259954,0.22297842606341164,0.3830085681417784,10.808080808080808,unknown,False,False,False,False
2025-07-11,32.56662734230515,27.760381995832944,0.30599666425856614,0.26282146573509735,0.33763666201782655,8.767676767676768,unknown,False,False,False,False
2025-07-14,30.599470462738715,25.51004869844131,0.28594267249014355,0.3189590363861138,0.2867838034191704,6.98989898989899,unknown,False,False,False,False
2025-07-15,30.831546149822444,25.703953206615893,0.2879466700793159,0.3233265306122449,0.29966400344005306,7.070707070707071,unknown,False,False,False,False
2025-07-16,31.01411080314371,25.78104339459413,0.2897337787036266,0.2990557429081531,0.30959671089636787,7.171717171717172,unknown,False,False,False,False
2025-07-17,59.69676987417258,47.213024469985555,0.48086898780296955,0.031945943630222115,0.7115421109912078,42.98989898989899,unknown,False,False,True,True
2025-07-18,62.24187833280958,50.472698393440126,0.49157253415532964,0.029430572070286702,0.7205318601151935,43.93939393939394,unknown,False,False,True,True
2025-07-21,62.30198750236907,51.653868490448005,0.4876418874975386,0.01797221112119954,0.700456305759336,43.676767676767675,unknown,False,False,True,True
2025-07-22,62.28690024573204,51.68801296128965,0.4872481912730301,0.01696072806231687,0.6929514509059963,43.5959595959596,unknown,False,False,True,True
2025-07-23,62.21688983961468,51.159569517597646,0.4884281504197162,0.01884871649832579,0.7182607936395815,43.676767676767675,unknown,False,False,True,True
2025-07-24,62.091469930397906,51.03125025915071,0.4872390257860915,0.020633818003510333,0.7389180811223822,43.676767676767675,unknown,False,False,True,True
2025-07-25,62.051412500395216,51.03841070402102,0.48640542080232324,0.020493173224986033,0.7308011980054991,43.656565656565654,unknown,False,False,True,True
2025-07-28,62.05961822338692,51.21764280030516,0.4857167268815985,0.017864965243450347,0.7203634875677887,43.5959595959596,unknown,False,False,True,True
2025-07-29,62.04736640058877,51.38565131660626,0.4848148271584321,0.015250825697090074,0.7100091739204643,43.515151515151516,unknown,False,False,True,True
2025-07-30,62.15201381655555,52.11004521742433,0.48344584161347137,0.013219825101619875,0.6783329797442701,43.45454545454545,unknown,False,False,False,False
2025-07-31,62.085813446759545,52.14330137108035,0.4822978213434567,0.012950064321583283,0.6935062945815634,43.41414141414141,unknown,False,False,False,False
2025-08-01,62.00064892051792,52.135908100709585,0.4812596609015811,0.014802019797263807,0.7221700292936852,43.45454545454545,unknown,False,False,False,False
2025-08-04,61.93746555426347,52.25523161274521,0.47995150901530365,0.012348227365921916,0.6983671346574573,43.37373737373738,unknown,False,False,True,True
2025-08-05,61.894159523325186,52.31288993697042,0.4791671319499754,0.013273576999697759,0.6961097469834029,43.37373737373738,unknown,False,False,True,True
2025-08-06,61.92923550827865,52.4637347376612,0.4789571065329506,0.01416562662906978,0.7167708759778652,43.37373737373738,unknown,False,False,False,False
2025-08-07,60.707182286698924,51.36443030965209,0.4695399712381881,0.025399376854768417,0.7145935462496766,42.323232323232325,unknown,False,False,False,False
2025-08-08,59.763400519236946,50.64256391071835,0.46261626715331716,0.03390712576428516,0.7535900045867259,42.36363636363637,unknown,False,False,False,False
2025-08-11,59.73915538706473,50.6487348046825,0.4620082761564311,0.03468667572199897,0.766772027106841,42.36363636363637,unknown,False,False,False,False
2025-08-12,59.74422158538211,50.699375477301885,0.461788643342216,0.03470111644863344,0.7665782708185425,42.343434343434346,unknown,False,False,False,False
2025-08-13,59.74673307027375,50.991977367815174,0.4602729210106879,0.03383614645853962,0.7432030035378175,42.343434343434346,unknown,False,False,False,False
2025-08-14,59.71160646127869,50.972149365395985,0.45982671037391704,0.03377864101337843,0.7434720971964016,42.36363636363637,unknown,False,False,False,False
2025-08-15,59.63327139506306,50.84745855486725,0.4587740061660697,0.03242259309065854,0.7550503347708017,42.282828282828284,unknown,False,False,False,False
2025-08-18,59.64242591660046,50.965429653529995,0.45790457335926077,0.032119548191226956,0.7134214758934954,42.323232323232325,unknown,False,False,False,False
2025-08-19,59.58649501994199,50.77898539475433,0.45703781607370036,0.031345766660468566,0.7127635970969567,42.24242424242424,unknown,False,False,False,False
2025-08-20,59.58620778829241,50.6988356014495,0.4572964334445131,0.029923307616583857,0.7216921394233985,42.22222222222222,unknown,False,False,False,False
2025-08-21,59.51626667124481,50.10173323522487,0.45861836078699647,0.029339699597944444,0.7192299588545451,42.06060606060606,unknown,False,False,False,False
2025-08-22,59.43103106243916,49.90421475315452,0.4580110515058678,0.03164488323429402,0.709246048382726,42.101010101010104,unknown,False,False,False,False
2025-08-25,59.42737223199366,49.76346407233379,0.4584959717788911,0.031602113992259394,0.7078955824852763,42.121212121212125,unknown,False,False,False,False
2025-08-26,59.44776658815171,49.904297760161604,0.4579810309663523,0.02935220171243397,0.7214116960013898,42.04040404040404,unknown,False,False,False,False
2025-08-27,59.429223591315875,49.87357011530898,0.45803426841050315,0.03199003190380231,0.7190547936444873,42.101010101010104,unknown,False,False,False,False
2025-08-28,59.508159935008464,50.08024007230068,0.45805624900491926,0.030169474259424334,0.7188597321136209,42.08080808080808,unknown,False,False,False,False
2025-08-29,59.506047646022836,50.070308298290556,0.4581495708914029,0.03112697743592883,0.7209503720473981,42.08080808080808,unknown,False,False,False,False
2025-09-01,59.50711899677137,50.11271927699005,0.4580375968485443,0.028516665125739728,0.7121838145660989,42.02020202020202,unknown,False,False,False,False
2025-09-02,59.47782020776867,49.97096897912068,0.45837734151169585,0.028691752958579966,0.7374706449142963,42.02020202020202,unknown,False,False,False,False
2025-09-03,59.484554846386615,50.00672808531111,0.45844580718575,0.027650471132914675,0.7155851230287743,42.0,unknown,False,False,False,False
2025-09-04,59.50951657814274,50.06342376196385,0.4585134992249456,0.027684963979394683,0.6985628729426858,41.97979797979798,unknown,False,False,False,False
2025-09-05,59.48452309393434,49.98570380080446,0.4587795984998623,0.029467455621301864,0.6985628729426858,42.02020202020202,unknown,False,False,False,False
2025-09-08,59.41638691115001,49.784311522597235,0.4584178608291545,0.03297908201045538,0.7153978897777027,42.101010101010104,unknown,False,False,False,False
2025-09-09,59.38733489041324,49.87569050679336,0.4575153157097,0.02960004946638376,0.7108812525258205,41.97979797979798,unknown,False,False,False,False
2025-09-10,59.37055630747564,49.89776887698732,0.4571920717463803,0.027848742990438647,0.7195610635919701,41.95959595959596,unknown,False,False,False,False
2025-09-11,59.14871118803157,49.88417595156169,0.4549165835056609,0.026300347064458898,0.7461844412865293,41.7979797979798,unknown,False,False,False,False
2025-09-12,58.726779321395824,49.86977344928635,0.4512719005171148,0.02671307889486793,0.7271812052684151,41.515151515151516,unknown,False,False,False,False
2025-09-15,58.710618522267595,50.03309429239155,0.4504909760128704,0.026731101152174853,0.7502308422441467,41.535353535353536,unknown,False,False,False,False
2025-09-16,58.66436371245682,49.91152370442995,0.44957149537006136,0.0267766589115621,0.7501534792149707,41.515151515151516,unknown,False,False,False,False
2025-09-17,58.67994318956224,50.116896262550554,0.44926778484411306,0.027640599485664007,0.7437656120161483,41.57575757575758,unknown,False,False,False,False
2025-09-18,58.67468535824629,50.14963438257362,0.4492567703818278,0.02581270920241282,0.7454491136996501,41.55555555555556,unknown,False,False,False,False
2025-09-19,58.62398388207947,50.07274693663332,0.44905021227003283,0.02494420367696343,0.7521061341226756,41.494949494949495,unknown,False,False,False,False
2025-09-22,58.58600065804629,50.03211581426281,0.44874107966262583,0.024933193623054545,0.7521061341226756,41.515151515151516,unknown,False,False,False,False
2025-09-23,58.63805387286071,50.10451481487089,0.4488044921792341,0.02489297718360613,0.7336646019151383,41.535353535353536,unknown,False,False,False,False
2025-09-24,58.62020506707398,50.10159352522247,0.4485764389388252,0.024903949183346076,0.7333922134541695,41.515151515151516,unknown,False,False,False,False
2025-09-25,58.585490380777,50.05812120831703,0.4481556583268209,0.025824104074247893,0.7300252100871661,41.535353535353536,unknown,False,False,False,False
2025-09-26,58.53381877064737,50.0481104368248,0.44757153222806056,0.02676848941221036,0.7283579620267128,41.515151515151516,unknown,False,False,False,False
2025-09-30,58.52723847212938,49.580773898411806,0.44908376017215307,0.027712805848706137,0.7296086695673291,41.494949494949495,unknown,False,False,False,False
2025-10-01,58.52457320257707,49.509970549306715,0.44932160696064116,0.027745978524768244,0.732064955476467,41.474747474747474,unknown,False,False,False,False
2025-10-02,58.51717702164392,49.4768666749712,0.4492962403532757,0.02777063952583097,0.7357117686143899,41.43434343434343,unknown,False,False,False,False
2025-10-03,58.49569209459989,49.5157446499362,0.4487729121981546,0.024997612186163205,0.742938796564801,41.39393939393939,unknown,False,False,False,False
2025-10-07,58.486903883512625,49.49237824673206,0.44884730734933215,0.02681927760678986,0.7455268303021194,41.43434343434343,unknown,False,False,False,False
2025-10-08,58.42483682611076,49.46695265061315,0.4478980208729631,0.019940827241010848,0.7324958179210475,41.292929292929294,unknown,False,False,False,False
2025-10-09,58.40951224821441,49.56022945355856,0.44730994948220026,0.02050046645646603,0.7012416548382983,41.15151515151515,unknown,False,False,False,False
2025-10-13,58.41045073880689,49.671907116133454,0.4468797195390604,0.022349003791683586,0.7073139437303844,40.94949494949495,unknown,False,False,False,False
2025-10-14,55.01556609373853,45.212480471566195,0.42178594057960617,0.03735980674041529,0.6928540653301981,38.282828282828284,unknown,False,False,False,False
2025-10-15,25.78309505702984,12.574134870991585,0.24867400902545073,0.2976416126588671,0.4649842390744362,11.01010101010101,unknown,False,False,False,False
2025-10-16,25.871070840944867,12.641102917797745,0.2494059276875804,0.30257530665127186,0.4677932336767022,11.090909090909092,unknown,False,False,False,False
2025-10-17,25.90496888138528,12.635741410145833,0.250221185100371,0.30551307526121046,0.4639905346628286,10.848484848484848,unknown,False,False,False,False
2025-10-20,25.756913474606414,12.667665434028493,0.24855322803186117,0.3069367962521575,0.47000160941270774,10.686868686868687,unknown,False,False,False,False
2025-10-21,25.72893551257871,12.56472891106258,0.2485989805171483,0.3060827188342004,0.4775151682452754,10.565656565656566,unknown,False,False,False,False
2025-10-22,25.620638364435557,12.483860367052834,0.24746591556975767,0.3043736961451248,0.4630492445816447,10.606060606060606,unknown,False,False,False,False
2025-10-23,25.66249056097012,12.51063688262295,0.24796822988423858,0.31246493544548515,0.4624543589316097,10.686868686868687,unknown,False,False,False,False
2025-10-27,25.680438143424837,12.525713648094627,0.2481019166257552,0.3055129600316581,0.462314106355593,10.747474747474747,unknown,False,False,False,False
2025-10-28,25.88510981943689,12.71164577753299,0.2501792627604089,0.27452739668378084,0.4921442348851261,11.01010101010101,unknown,False,False,False,False
2025-10-29,25.655350955462787,12.642850026627773,0.2478151430415134,0.27787283344811753,0.4614805036408628,10.666666666666666,unknown,False,False,False,False
2025-10-30,25.702714005003912,12.562821497056198,0.24836701475856288,0.2733819014003673,0.4731171445470167,10.666666666666666,unknown,False,False,False,False
2025-10-31,25.69186197852403,12.54600464895995,0.2483600643893399,0.28186543253826984,0.46746507243331015,10.707070707070708,unknown,False,False,False,False
2025-11-03,25.51243116367027,12.412264356036445,0.24623346751203196,0.30433286230406154,0.49123049513313566,10.585858585858587,unknown,False,False,False,False
2025-11-04,25.341763067368746,12.334395853562683,0.24450884223841898,0.3146564201929127,0.48377809430537644,10.282828282828282,unknown,False,False,False,False
2025-11-05,23.38766685096121,11.12049492473664,0.23157915631504328,0.44797441184424014,0.44179920050127713,6.94949494949495,unknown,False,False,False,False
2025-11-06,22.960137107703382,10.120056974816148,0.22839482667718666,0.4528418549346016,0.4140541895541753,5.858585858585859,unknown,False,False,False,False
2025-11-07,23.035812779982827,10.2725879022293,0.22853108206371003,0.4402328845226086,0.42288767947182754,6.101010101010101,unknown,False,False,False,False
2025-11-10,23.469467271060317,10.80391193740385,0.2316570446087059,0.42461988986620547,0.4217268587445249,6.202020202020202,unknown,False,False,False,False
2025-11-11,23.495162806107615,10.916785146123665,0.23120046704638403,0.4381209871692807,0.42661415387097296,6.282828282828283,unknown,False,False,False,False
2025-11-12,23.50535394769384,11.042740962792557,0.2307961304237063,0.4382538046576904,0.4402103111445696,6.101010101010101,unknown,False,False,False,False
2025-11-13,23.520352572545505,11.041582176786815,0.2308636116000961,0.4313411539173719,0.41558438610597026,6.121212121212121,unknown,False,False,False,False
2025-11-14,23.604039927049314,11.071714552065554,0.23169291006315554,0.47805322524900246,0.4067624673904527,6.242424242424242,unknown,False,False,False,False
2025-11-17,24.342708238515208,11.835008646191952,0.23813945595514346,0.4543222497056435,0.40890936737259703,6.686868686868687,unknown,False,False,False,False
2025-11-18,24.013285471981007,11.42907530206454,0.2361064561263808,0.466621363949856,0.44709616591074186,6.343434343434343,unknown,False,False,False,False
2025-11-19,23.77173351029647,11.19479461118695,0.23419825005564923,0.4454807342082317,0.4058002812931899,6.08080808080808,unknown,False,False,False,False
2025-11-20,23.546074556023413,10.898516948947872,0.23231768684249804,0.43724999999999997,0.40322358315701357,6.0606060606060606,unknown,False,False,False,False
2025-11-21,24.23299013547264,11.637053815813942,0.23724937798498888,0.43982635180570384,0.4226227796336951,6.424242424242424,unknown,False,False,False,False
2025-11-24,25.80081954493886,13.37742943052682,0.2501946143437572,0.41661011867188485,0.4355699498450538,7.191919191919192,unknown,False,False,False,False
2025-11-25,25.937501061941568,13.553301341294798,0.251542712267159,0.42223993182678954,0.4223166430304305,7.191919191919192,unknown,False,False,False,False
2025-11-26,26.07250650673066,13.784866323770903,0.25270121482604935,0.40844008480396543,0.4291622150920274,7.393939393939394,unknown,False,False,False,False
2025-11-27,26.010737379284187,13.836241331356657,0.25208294677068677,0.45437486345619676,0.42036221105152444,7.232323232323233,unknown,False,False,False,False
2025-11-28,26.274065058483394,14.13239589092905,0.25402389652503315,0.4247138299868643,0.42235744838478323,7.373737373737374,unknown,False,False,False,False
2025-12-01,25.696185789650194,13.48140078337316,0.24993106539514678,0.42161715486383916,0.40540896735546145,7.01010101010101,unknown,False,False,False,False
2025-12-02,25.697324066903242,13.600689585063044,0.24961439335106592,0.4364999205080006,0.39039588603901815,6.606060606060606,unknown,False,False,False,False
2025-12-03,25.7131140228353,13.597188857933478,0.2497022591912864,0.43260335616192763,0.3997023377940097,6.747474747474747,unknown,False,False,False,False
2025-12-04,25.68627013441961,13.664815558218752,0.24937355809472625,0.4227028596312964,0.404714391113311,6.707070707070707,unknown,False,False,False,False
2025-12-05,25.39657043994444,13.345332499192423,0.24672902031669858,0.4025355889047491,0.39369250816007384,6.505050505050505,unknown,False,False,False,False
2025-12-08,25.53161482146608,13.472897624396442,0.24773163341644,0.40483715050565144,0.38860503183261663,6.626262626262626,unknown,False,False,False,False
2025-12-09,25.65451636001049,13.547633908626985,0.2488537921917203,0.388113338563789,0.38776967258183587,6.7272727272727275,unknown,False,False,False,False
2025-12-10,25.86158996202858,16.21676236720189,0.2452083744883471,0.43050814665358406,0.31052759216752085,5.434343434343434,unknown,False,False,False,False
2025-12-11,27.081180416307603,21.50465887879964,0.2499985580633076,0.4538058917718359,0.3511089700813021,4.8686868686868685,unknown,False,False,False,False
2025-12-12,27.205578560550798,21.697280668091455,0.2509679390775367,0.4212532612601353,0.3389686354675117,5.111111111111111,unknown,False,False,False,False
2025-12-15,27.17054726277103,21.73840112241588,0.2501174746767765,0.45193968203101353,0.2984087566591839,4.787878787878788,unknown,False,False,False,False
2025-12-16,27.15259988660744,21.749509615592377,0.2501613060123654,0.42583212068743204,0.33359694236887216,4.707070707070707,unknown,False,False,False,False
2025-12-17,28.032543622663646,22.791265382697123,0.2579406383402977,0.3979215323171322,0.30725057116257454,5.434343434343434,unknown,False,False,False,False
2025-12-18,27.718264596168368,22.374365137630875,0.25543243416636463,0.37841025178775317,0.3420708864648258,5.212121212121212,unknown,False,False,False,False
2025-12-19,28.084407180864055,22.865885153052307,0.2585625729628518,0.364299233398238,0.3327150732676579,5.474747474747475,unknown,False,False,False,False
2025-12-22,28.24467312318015,22.934734934763902,0.26046676183113476,0.39417602608560637,0.37447246594344163,5.616161616161616,unknown,False,False,False,False
2025-12-23,28.77123040134523,23.388202320972738,0.2644528392350394,0.37113276895398506,0.34641099810352927,6.08080808080808,unknown,False,False,False,False
2025-12-24,28.57019670252768,23.114933254756863,0.26315292681143687,0.38277633101851855,0.32828183463796556,5.818181818181818,unknown,False,False,False,False
2025-12-26,28.728218636017125,23.246074519219235,0.26453465751380073,0.37773923295808814,0.33639731001319023,6.0,unknown,False,False,False,False
2025-12-29,27.61789451938364,21.99824692609877,0.2546331050186667,0.4038549052421426,0.32088809732380996,5.2727272727272725,unknown,False,False,False,False
2025-12-30,26.93185096613947,21.2031531129401,0.2479290303428849,0.41277789060913306,0.32378089000192384,5.111111111111111,unknown,False,False,False,False
2025-12-31,26.882648107185283,21.14071335485049,0.24737039086185983,0.42801010602021206,0.3111573858786869,5.1313131313131315,unknown,False,False,False,False
2026-01-02,26.85793941971894,21.108718582832488,0.2471508366084971,0.4360955535824056,0.33098006645264116,4.888888888888889,unknown,False,False,False,False
2026-01-05,26.593760589338274,20.524884868429798,0.2445644547810263,0.4645839431139271,0.33563978231303654,4.8686868686868685,unknown,False,False,False,False
2026-01-06,26.115997485564506,20.60540974648051,0.2408427717141951,0.47897251155141357,0.35604223278795083,4.565656565656566,unknown,False,False,False,False
2026-01-07,26.2049983133588,20.55308142996863,0.24167164391233517,0.4516678208679593,0.326945664351694,4.606060606060606,unknown,False,False,False,False
2026-01-08,25.99620733066714,19.766648962081348,0.2403744457964767,0.5014377928371775,0.33466735944454307,4.505050505050505,unknown,False,False,False,False
2026-01-09,25.532688149805104,19.303723484341603,0.23666590283521277,0.5071884801172134,0.3276733037873858,4.222222222222222,unknown,False,False,False,False
2026-01-12,23.8373804341607,17.10784813704396,0.22334378998908772,0.5803806228373701,0.32997554699871995,3.4343434343434343,unknown,False,False,False,False
2026-01-13,23.876131605758573,17.035557019340047,0.2237873610933567,0.5696393140589568,0.27790324449016635,3.393939393939394,unknown,False,False,False,False
2026-01-14,23.412294838804193,16.64890516739882,0.22006138624507285,0.5934388842594623,0.2908279381541414,3.0505050505050506,unknown,False,False,False,False
2026-01-15,23.240894696492056,16.574105357400317,0.21809616887720468,0.607100691516276,0.28819936912628535,3.111111111111111,unknown,False,False,False,False
2026-01-16,23.10639768887531,16.37653028255984,0.21715530360742502,0.5962837837837838,0.2794026119783695,2.98989898989899,unknown,False,False,False,False
2026-01-19,23.158928426914756,16.23447204876529,0.2176024792979692,0.6110187025842834,0.2872188054897502,3.1717171717171717,unknown,False,False,False,False
2026-01-20,22.725269737917294,14.934364295317035,0.2154065985024952,0.6391044020914152,0.2927339775824624,3.111111111111111,unknown,False,False,False,False
2026-01-21,22.606132862403236,14.836119664265574,0.2141213060816344,0.603037293348712,0.3030470651682773,3.090909090909091,unknown,False,False,False,False
2026-01-22,22.46013823081531,14.68855538267381,0.21367934399493854,0.6276917679049164,0.3021482003140695,3.0505050505050506,unknown,False,False,False,False
2026-01-23,23.016390164796668,15.490334983847639,0.21835955492466116,0.6453900709219859,0.2970491349279228,2.8484848484848486,unknown,False,False,False,False
2026-01-26,22.946801180062934,15.432502016156521,0.2177107656328996,0.6447133505256893,0.2756803241651727,2.8686868686868685,unknown,False,False,False,False
2026-01-27,23.023880814265453,15.275947889011809,0.21856936431384644,0.6151099039283738,0.27176527176527177,2.8484848484848486,unknown,False,False,False,False
2026-01-28,23.238980073543615,15.793163848242035,0.21929256757763096,0.6145587486695359,0.2694764270521846,2.9696969696969697,unknown,False,False,False,False
2026-01-29,23.663522586936168,16.34902567681368,0.22262048631237835,0.5818823735801062,0.28968982756861544,3.0505050505050506,unknown,False,False,False,False
2026-01-30,23.255563766008848,15.905817957289207,0.21945114338535252,0.539513330898466,0.2927169351411776,2.98989898989899,unknown,False,False,False,False
2026-02-02,23.434824574845265,16.042939542591245,0.22080651395149614,0.5769922371825797,0.29037696310423583,3.0505050505050506,unknown,False,False,False,False
2026-02-03,24.08523363686151,16.22806023305694,0.22762160665339523,0.5538235294117647,0.2589954377833166,3.4343434343434343,unknown,False,False,False,False
2026-02-04,23.99415971010209,15.964224594043355,0.2261813924552921,0.5563808869885459,0.27259166198560136,3.6161616161616164,unknown,False,False,False,False
2026-02-05,24.406782275388416,16.436660528615562,0.22896229060222667,0.5155634002422118,0.3359417848277028,3.9797979797979797,unknown,False,False,False,False
2026-02-06,25.35626004941603,17.45812555042162,0.23730945899833097,0.48578470375904825,0.37067587789512924,4.585858585858586,unknown,False,False,False,False
2026-02-09,25.67852552123508,17.735948373264193,0.24086995359877236,0.5000538638322322,0.34682070248258445,4.767676767676767,unknown,False,False,False,False
2026-02-10,25.988814147026673,18.074606090500204,0.24323067880324864,0.48435739115252135,0.3468210323379664,5.070707070707071,unknown,False,False,False,False
2026-02-11,24.967167070488067,16.813788908394404,0.23436007516471377,0.482740518337048,0.36018992725766347,4.707070707070707,unknown,False,False,False,False
2026-02-23,24.95890720626616,16.799782997360985,0.2343587442820963,0.4872612041647804,0.36417088226357386,4.747474747474747,normal,False,False,False,False
2026-02-24,23.413925311572328,14.866296586493657,0.22236938306000986,0.5798993394149103,0.3071939844667117,3.7777777777777777,abnormal,False,False,False,False
2026-02-25,23.967137353845835,15.482239994723518,0.2263792264942122,0.5363940329218108,0.30985778432302497,4.363636363636363,abnormal,False,False,False,False
2026-02-26,22.97148851218998,13.950484371633273,0.21948238168841025,0.580922093821852,0.3271240543967817,3.696969696969697,abnormal,False,False,False,False
2026-03-02,19.455054613694465,10.10954627961295,0.1931406502771269,0.6697213490329799,0.2710036876703543,2.7676767676767677,abnormal,False,False,False,False
2026-03-03,19.12811437373216,9.890487331773922,0.1902215690540231,0.6341286682883909,0.2620089786756454,2.808080808080808,abnormal,False,False,False,False
2026-03-04,19.988970929759105,10.811685414322316,0.1961305685520376,0.6325183782579639,0.2539041205707872,2.707070707070707,abnormal,False,False,False,False
2026-03-05,25.15432302142296,16.681564133981063,0.2380714306504987,0.4691887735486351,0.37513909159262954,5.151515151515151,abnormal,False,False,False,False
2026-03-06,25.901892800914894,17.551783981509164,0.24543862616784906,0.46695224161872645,0.3855859784098831,5.737373737373737,abnormal,False,False,False,False
2026-03-09,25.950747862741068,17.528980706633327,0.24610916315363582,0.4494996210223404,0.41249498695319126,5.636363636363637,abnormal,False,False,False,False
2026-03-10,30.482618509289942,22.526092467307556,0.2868195738038731,0.3360345679012346,0.5029192272175591,9.090909090909092,abnormal,True,False,True,True
2026-03-11,31.17353510623321,23.34506225841819,0.29285256055323267,0.32810400429991937,0.5247166965570444,9.858585858585858,abnormal,True,False,True,True
2026-03-12,33.01223205401651,25.455213822197273,0.3101506235633181,0.2907986210858949,0.5595392991293118,11.919191919191919,abnormal,True,False,True,True
2026-03-13,32.782075131654835,25.22422208145001,0.3080678155941811,0.29338173312306176,0.5241444663860301,11.454545454545455,abnormal,True,False,True,True
2026-03-16,32.500353688318754,24.98694766966348,0.3051912231574251,0.27457176356201207,0.5319798467588361,11.333333333333334,abnormal,True,False,True,True
2026-03-17,32.31544387105635,24.68814141516816,0.30329190499833614,0.3212727769193884,0.5246040468956471,11.070707070707071,abnormal,True,False,True,True
2026-03-18,32.03779196972642,24.486899599508185,0.3005319815755996,0.3281074332975128,0.4944782242631376,10.727272727272727,abnormal,True,False,False,True
2026-03-19,32.21926536454596,24.92705564491294,0.3022152818738753,0.33164770409649785,0.5038094854600264,10.585858585858587,abnormal,True,False,False,True
2026-03-20,31.854275053386573,24.595071333224016,0.29893908734766544,0.32083976394085495,0.5096210556652573,10.323232323232324,abnormal,False,False,False,False
2026-03-23,31.635390196810086,24.171552272519204,0.29693775090359165,0.34084761919523837,0.5239951546011238,10.262626262626263,abnormal,False,False,False,False
2026-03-24,33.17399494806108,25.882652505745476,0.3122813371504814,0.3170683409241809,0.5504042140499781,11.83838383838384,abnormal,True,False,False,True
2026-03-25,32.45332694841136,25.095355073751143,0.3054760580486086,0.31970336076817557,0.5415136068167384,10.909090909090908,abnormal,True,False,False,True
2026-03-26,33.6943543843078,26.48243953969377,0.3180278884996841,0.31429899443367454,0.5404817557885175,12.0,abnormal,True,False,False,True
2026-03-27,33.407166684751815,26.2615003734567,0.31525621847965857,0.303678054786088,0.5346145413728375,11.515151515151516,abnormal,True,False,False,True
2026-03-30,33.18767272773508,26.103516787509257,0.3132083371389214,0.29934473087273517,0.5126349327395361,11.373737373737374,abnormal,True,False,False,True
2026-03-31,33.288319866543176,26.18599561471794,0.31469728366172955,0.2992320714065866,0.5120827596815468,11.515151515151516,abnormal,True,False,False,True
2026-04-01,35.10485629817791,28.265574290094655,0.3320324243434979,0.27884879188910133,0.5525263296930586,13.95959595959596,abnormal,True,False,False,True
2026-04-02,36.40357657033241,29.672359128705754,0.34557878673389775,0.2508662795103368,0.5772035362645697,15.393939393939394,abnormal,True,False,False,True
2026-04-07,36.33856530070712,29.685316966113767,0.3447830886842417,0.25064622222222227,0.5567197141602916,15.151515151515152,abnormal,True,False,False,True
2026-04-08,36.3315537813621,29.729995524771986,0.34500342800035544,0.2475031238803496,0.5580445026412746,15.131313131313131,abnormal,True,False,False,True
2026-04-09,37.95542545869439,31.52505909493098,0.3612777218114305,0.22210405645301087,0.593532494324136,17.95959595959596,abnormal,True,False,False,True
2026-04-10,37.736680681106016,31.267347191080553,0.3591911061680014,0.2253472148484784,0.5795159944838623,17.535353535353536,abnormal,True,False,False,True
2026-04-13,37.839686586278034,31.403783384509794,0.35995401944426275,0.2470912964876033,0.5947006097181359,17.77777777777778,abnormal,True,False,False,True
2026-04-14,37.82493771324248,31.413571191165772,0.3599479671930759,0.24968502756501978,0.6045717270566027,17.616161616161616,abnormal,True,False,False,True
2026-04-15,37.53814793402745,31.180269017463665,0.3570946192666123,0.2656187027143318,0.5885357932127868,16.86868686868687,abnormal,True,False,False,True
2026-04-16,37.5279392330912,31.249889599989736,0.357423675517404,0.24972594745431614,0.5724265085290473,16.78787878787879,abnormal,True,False,False,True
2026-04-17,37.5662896117134,31.24418875219702,0.35771561346139297,0.251948752855133,0.5611580291400448,16.92929292929293,abnormal,True,False,False,True
2026-04-20,37.53840587900543,31.251788806042512,0.3572333633185663,0.2569676986917052,0.5530531630220762,17.13131313131313,abnormal,True,False,False,True
2026-04-21,37.33758981626369,31.199493122922313,0.3550927572450392,0.26172811185096195,0.5465393894619095,16.444444444444443,abnormal,False,False,False,False
2026-04-22,37.384694032766745,31.269648243924593,0.3557487091520025,0.2608572460385772,0.5684793323834614,16.90909090909091,abnormal,False,False,False,False
2026-04-23,37.29383128325719,31.199055275582456,0.35492498366742914,0.25557805127840827,0.5850573803010766,16.606060606060606,abnormal,False,False,False,False
2026-04-24,38.014368832218594,32.143241092777615,0.36279135017560066,0.24971137339644267,0.5605533643143054,17.252525252525253,abnormal,True,False,False,True
2026-04-27,37.708136381265504,31.902429653478077,0.35970865952061476,0.2629180208499831,0.5500511521833171,16.606060606060606,abnormal,True,False,False,True
2026-04-28,37.612989551345635,31.997417666175156,0.358712004068903,0.24972214662448056,0.5386372478896007,16.383838383838384,unknown,False,False,False,False
