N,sum_f_mean,sum_f_std,max_f_mean,n_active_mean
5,2.3470183160427447,0.406634977077398,0.9129990551299899,4.933333333333334
10,4.3383430435673365,0.8294032362282544,1.0141447990135042,9.933333333333334
20,7.089148172546893,0.7743975987561861,1.0243941425289262,19.666666666666668
30,10.387568840332921,1.0280712266986265,1.0958404897450151,29.466666666666665
50,15.5750339566509,1.5398260550216272,1.1585421501564723,48.8
75,23.008326158125907,1.376306175561497,1.1787577869048753,73.36666666666666
100,29.984226050053124,1.7274810120705082,1.2348991132709384,97.33333333333333
150,43.117258903542805,1.6580039669064337,1.2674328490409459,146.2
200,56.400262735123825,6.1887443842421804e-15,1.3278630649252863,196.0
