expr,ic_mean_is,ic_ir_is,n_days_is,valid_frac_is,abs_ic,abs_ir
"ts_std(amount, 5)",-0.0040439953256190915,-0.024179886957571887,974,1.0,0.0040439953256190915,0.024179886957571887
"ts_mean(amount, 10)",-0.005337618925690428,-0.029853874599241468,971,1.0,0.005337618925690428,0.029853874599241468
"ts_std(delta(close, 1), 10)",-0.0018368207909369694,-0.007958712147489711,970,1.0,0.0018368207909369694,0.007958712147489711
log(high),-0.010624836971276145,-0.04930651006545753,975,1.0,0.010624836971276145,0.04930651006545753
"delta(ret, 1)",-0.011536556601548354,-0.07181564791597696,974,1.0,0.011536556601548354,0.07181564791597696
"ts_rank(delta(high, 1), 20)",-0.007158184073805465,-0.04328122761852795,965,1.0,0.007158184073805465,0.04328122761852795
"ts_std(ts_std(ret, 5), 20)",0.006847937292848376,0.032803241152491336,965,1.0,0.006847937292848376,0.032803241152491336
"ts_rank(close, 10)",-0.02313379155362431,-0.1279634440603457,969,0.9979402677651905,0.02313379155362431,0.1279634440603457
"log(ts_mean(volume, 10))",0.0016933675235260635,0.0097531231524528,971,1.0,0.0016933675235260635,0.0097531231524528
"ts_std(close, 20)",0.0012520224755198006,0.005467794850058948,966,1.0,0.0012520224755198006,0.005467794850058948
zscore_xs(ret),-0.022040653847518046,-0.1293673512141789,975,1.0,0.022040653847518046,0.1293673512141789
log(open),-0.010766241269970056,-0.05002382302724608,975,1.0,0.010766241269970056,0.05002382302724608
"ts_std(zscore_xs(volume), 10)",-0.001759527630294337,-0.011175633931077289,971,1.0,0.001759527630294337,0.011175633931077289
"ts_std(ts_std(high, 5), 20)",-0.0011681669464830519,-0.00518970872638289,965,1.0,0.0011681669464830519,0.00518970872638289
"zscore_xs(ts_mean(volume, 10))",0.0016933675235260635,0.0097531231524528,971,1.0,0.0016933675235260635,0.0097531231524528
"ts_rank(ts_mean(amount, 10), 10)",0.004056336313559952,0.028473872813844812,967,1.0,0.004056336313559952,0.028473872813844812
"ts_rank(ts_std(ret, 20), 20)",0.003958077927626447,0.02933728352957236,954,0.9968652037617555,0.003958077927626447,0.02933728352957236
"delta(ts_mean(open, 10), 5)",-0.00953760497120447,-0.04730039287687237,966,1.0,0.00953760497120447,0.04730039287687237
zscore_xs(low),-0.010948952294899674,-0.05098054179008382,975,1.0,0.010948952294899674,0.05098054179008382
"ts_rank(amount, 10)",-0.008068093750330976,-0.054809725970996565,971,1.0,0.008068093750330976,0.054809725970996565
"ts_mean(ret, 5)",-0.011171436037082429,-0.0593170220744842,974,1.0,0.011171436037082429,0.0593170220744842
"ts_mean(amount, 20)",-0.008309474809571315,-0.04563323654351744,966,1.0,0.008309474809571315,0.04563323654351744
zscore_xs(close),-0.010995522628259416,-0.05115724879695897,975,1.0,0.010995522628259416,0.05115724879695897
"ts_mean(open, 20)",-0.008009543283595827,-0.03721653302603554,966,1.0,0.008009543283595827,0.03721653302603554
"ts_rank(log(close), 10)",-0.02313379155362431,-0.1279634440603457,969,0.9979402677651905,0.02313379155362431,0.1279634440603457
"log(ts_rank(close, 10))",-0.02313379155362431,-0.1279634440603457,969,0.9979402677651905,0.02313379155362431,0.1279634440603457
"ts_mean(ts_rank(close, 10), 5)",-0.005996391681182899,-0.033514295268968104,970,1.0,0.005996391681182899,0.033514295268968104
"ts_mean(log(open), 10)",-0.007817222029866582,-0.036466970299004954,971,1.0,0.007817222029866582,0.036466970299004954
"delta(open, 10)",-0.014613079507688956,-0.06962335122286425,965,1.0,0.014613079507688956,0.06962335122286425
"log(ts_mean(amount, 20))",-0.008309474809571315,-0.04563323654351744,966,1.0,0.008309474809571315,0.04563323654351744
"log(ts_std(low, 10))",0.0006264927938658337,0.002728769528176424,971,1.0,0.0006264927938658337,0.002728769528176424
"ts_rank(log(open), 10)",-0.014889437220767195,-0.08184111953061976,969,0.9979402677651905,0.014889437220767195,0.08184111953061976
"ts_std(low, 10)",0.0006722337113208083,0.002927874006930321,971,1.0,0.0006722337113208083,0.002927874006930321
"delta(open, 1)",-0.010980856395016928,-0.058281706061563306,974,1.0,0.010980856395016928,0.058281706061563306
"zscore_xs(ts_rank(ret, 10))",-0.018894482324584273,-0.13095791209519012,970,0.9989701338825953,0.018894482324584273,0.13095791209519012
"delta(log(high), 1)",-0.014231116561267023,-0.07639322171179769,974,1.0,0.014231116561267023,0.07639322171179769
"ts_mean(high, 20)",-0.00794678234078827,-0.03686246659179099,966,1.0,0.00794678234078827,0.03686246659179099
"ts_rank(low, 10)",-0.0175904121865307,-0.09589904260232236,968,0.9969104016477858,0.0175904121865307,0.09589904260232236
"ts_std(volume, 10)",-0.002397191464676595,-0.013899674328623622,971,1.0,0.002397191464676595,0.013899674328623622
"zscore_xs(delta(open, 1))",-0.010981004919390368,-0.05828246782017328,974,1.0,0.010981004919390368,0.05828246782017328
"ts_mean(ts_std(high, 20), 5)",0.0013070839778250643,0.005707108844650315,965,1.0,0.0013070839778250643,0.005707108844650315
"zscore_xs(delta(open, 10))",-0.014615975759452211,-0.06963560969594515,965,1.0,0.014615975759452211,0.06963560969594515
zscore_xs(volume),-0.002067781232880866,-0.012017635000663064,975,1.0,0.002067781232880866,0.012017635000663064
zscore_xs(high),-0.010624836971276145,-0.04930651006545753,975,1.0,0.010624836971276145,0.04930651006545753
"ts_mean(delta(amount, 1), 5)",-0.0037717220578802058,-0.0251296674625077,973,1.0,0.0037717220578802058,0.0251296674625077
"zscore_xs(ts_mean(low, 5))",-0.007437117329423106,-0.0348378063651934,974,1.0,0.007437117329423106,0.0348378063651934
"ts_mean(ts_mean(volume, 20), 5)",0.00014199528544521197,0.0008179038958846038,965,1.0,0.00014199528544521197,0.0008179038958846038
"ts_mean(low, 5)",-0.007438618821019055,-0.03484472859769034,974,1.0,0.007438618821019055,0.03484472859769034
"ts_mean(low, 20)",-0.008176919997452776,-0.03806494664950602,966,1.0,0.008176919997452776,0.03806494664950602
"ts_rank(zscore_xs(low), 20)",-0.010536449895547162,-0.054402287823165564,966,1.0,0.010536449895547162,0.054402287823165564
zscore_xs(log(amount)),-0.011371200151115174,-0.06560637140947465,975,1.0,0.011371200151115174,0.06560637140947465
"ts_std(ret, 20)",0.012014581839364304,0.04706157199405542,966,1.0,0.012014581839364304,0.04706157199405542
"ts_rank(ts_rank(open, 10), 10)",-0.018128521363158442,-0.11696564969895339,967,1.0,0.018128521363158442,0.11696564969895339
"log(ts_mean(open, 10))",-0.0075977900453089945,-0.035413276355524756,971,1.0,0.0075977900453089945,0.035413276355524756
"delta(close, 10)",-0.020018924517569894,-0.09501178320747532,965,1.0,0.020018924517569894,0.09501178320747532
"ts_std(high, 5)",0.0025883449693564296,0.011269649315509445,974,1.0,0.0025883449693564296,0.011269649315509445
"ts_std(close, 10)",0.001557890841559236,0.0067940458492283,971,1.0,0.001557890841559236,0.0067940458492283
"ts_rank(ts_mean(ret, 20), 10)",-0.008440855765769834,-0.0533090062963538,956,0.9937629937629938,0.008440855765769834,0.0533090062963538
"ts_mean(log(high), 20)",-0.00806561580717151,-0.03742959154083263,966,1.0,0.00806561580717151,0.03742959154083263
"ts_mean(log(low), 10)",-0.008000556955718167,-0.037386880806904846,971,1.0,0.008000556955718167,0.037386880806904846
zscore_xs(log(volume)),-0.002067781232880866,-0.012017635000663064,975,1.0,0.002067781232880866,0.012017635000663064
"ts_mean(ts_mean(volume, 20), 20)",0.0004635195090801414,0.002675187198216326,957,1.0,0.0004635195090801414,0.002675187198216326
"ts_std(ts_mean(amount, 5), 5)",-0.009006293763010141,-0.05412703298427379,973,1.0,0.009006293763010141,0.05412703298427379
"ts_mean(volume, 5)",0.0021203842627501254,0.012227434691399487,974,1.0,0.0021203842627501254,0.012227434691399487
"zscore_xs(ts_mean(close, 20))",-0.008007403399684537,-0.037222332923432355,966,1.0,0.008007403399684537,0.037222332923432355
"ts_rank(open, 20)",-0.01400488694434461,-0.07374939588266202,964,0.9979296066252588,0.01400488694434461,0.07374939588266202
"zscore_xs(ts_rank(amount, 20))",-0.0022388174799255253,-0.01452009549148082,966,1.0,0.0022388174799255253,0.01452009549148082
"ts_std(volume, 5)",0.000160553175682483,0.0009530121996271757,974,1.0,0.000160553175682483,0.0009530121996271757
"delta(high, 5)",-0.018747673967393026,-0.09468276901879019,970,1.0,0.018747673967393026,0.09468276901879019
"ts_rank(zscore_xs(amount), 20)",-0.006487903499779136,-0.043077416284660934,966,1.0,0.006487903499779136,0.043077416284660934
"ts_mean(delta(close, 10), 10)",-0.01014244014582161,-0.0530907538171637,961,1.0,0.01014244014582161,0.0530907538171637
"delta(ts_mean(amount, 5), 5)",0.0011376012395142463,0.00799032815913902,969,1.0,0.0011376012395142463,0.00799032815913902
"delta(ret, 5)",-0.014416062019453625,-0.0890098647064073,970,1.0,0.014416062019453625,0.0890098647064073
zscore_xs(amount),-0.011371200151115174,-0.06560637140947465,975,1.0,0.011371200151115174,0.06560637140947465
"delta(ts_mean(high, 5), 10)",-0.009424864909995398,-0.04673380086933743,964,1.0,0.009424864909995398,0.04673380086933743
"ts_std(ts_std(open, 5), 10)",0.0004904864644220953,0.0022018885833259066,970,1.0,0.0004904864644220953,0.0022018885833259066
"log(ts_mean(close, 10))",-0.007593888138284497,-0.03541772916690406,971,1.0,0.007593888138284497,0.03541772916690406
"ts_std(open, 20)",0.0011971685458171306,0.005217845320694664,966,1.0,0.0011971685458171306,0.005217845320694664
"delta(low, 1)",-0.01672995692376094,-0.08888001731705492,974,1.0,0.01672995692376094,0.08888001731705492
"ts_std(delta(open, 10), 10)",-0.0017558539916918239,-0.007723830224280273,961,1.0,0.0017558539916918239,0.007723830224280273
"delta(amount, 10)",-0.002002363356809234,-0.012804965354164328,965,1.0,0.002002363356809234,0.012804965354164328
"ts_rank(close, 20)",-0.019550950130739903,-0.10334339015396056,966,1.0,0.019550950130739903,0.10334339015396056
"delta(close, 1)",-0.030353165524594296,-0.1646356566419547,974,1.0,0.030353165524594296,0.1646356566419547
"ts_mean(zscore_xs(ret), 5)",-0.011474235037471801,-0.0616211296928924,974,1.0,0.011474235037471801,0.0616211296928924
zscore_xs(log(low)),-0.010948952294899674,-0.05098054179008382,975,1.0,0.010948952294899674,0.05098054179008382
"ts_std(close, 5)",0.0032126824331311036,0.01395994850616417,974,1.0,0.0032126824331311036,0.01395994850616417
"log(ts_rank(low, 10))",-0.0175904121865307,-0.09589904260232236,968,0.9969104016477858,0.0175904121865307,0.09589904260232236
"ts_mean(volume, 20)",1.791188122959341e-05,0.0001031390863855413,966,1.0,1.791188122959341e-05,0.0001031390863855413
"ts_mean(ts_rank(low, 10), 5)",-0.004750154359011258,-0.026414558444947982,970,1.0,0.004750154359011258,0.026414558444947982
"ts_mean(ret, 10)",-0.0021233490913053665,-0.01066959576400417,971,1.0,0.0021233490913053665,0.01066959576400417
"delta(high, 10)",-0.014820008929066235,-0.07019853304916525,965,1.0,0.014820008929066235,0.07019853304916525
"delta(volume, 5)",-0.0012510513711918275,-0.008888686891179004,970,1.0,0.0012510513711918275,0.008888686891179004
log(low),-0.010948952294899674,-0.05098054179008382,975,1.0,0.010948952294899674,0.05098054179008382
"ts_mean(zscore_xs(open), 20)",-0.008034168100567873,-0.03733467842513405,966,1.0,0.008034168100567873,0.03733467842513405
"ts_mean(low, 10)",-0.007770456480797739,-0.036276800963659955,971,1.0,0.007770456480797739,0.036276800963659955
"ts_std(high, 20)",0.0011037385762893625,0.004810753658611169,966,1.0,0.0011037385762893625,0.004810753658611169
"zscore_xs(ts_std(low, 20))",0.0011088586337682262,0.004852637360967397,966,1.0,0.0011088586337682262,0.004852637360967397
"ts_rank(ts_mean(ret, 10), 20)",0.0012641192422263058,0.007981811221569783,960,0.997920997920998,0.0012641192422263058,0.007981811221569783
"ts_mean(log(ret), 5)",0.01062596942803309,0.056808605990308195,967,1.0,0.01062596942803309,0.056808605990308195
log(close),-0.010995522628259416,-0.05115724879695897,975,1.0,0.010995522628259416,0.05115724879695897
"delta(log(amount), 10)",-0.0021526016681738913,-0.013908179851733541,965,1.0,0.0021526016681738913,0.013908179851733541
"ts_std(log(amount), 20)",-0.006771998682637162,-0.04266015747836207,966,1.0,0.006771998682637162,0.04266015747836207
"ts_std(amount, 20)",-0.010011148737735362,-0.05639232111602768,966,1.0,0.010011148737735362,0.05639232111602768
"ts_mean(zscore_xs(amount), 10)",-0.005278338464279678,-0.029715440167107605,971,1.0,0.005278338464279678,0.029715440167107605
"log(delta(volume, 5))",-0.003999306741703862,-0.01967318100158241,950,1.0,0.003999306741703862,0.01967318100158241
"zscore_xs(ts_rank(open, 20))",-0.01400488694434461,-0.07374939588266202,964,0.9979296066252588,0.01400488694434461,0.07374939588266202
"ts_std(ts_rank(low, 10), 10)",-0.005104512164962827,-0.038255186929368995,967,1.0,0.005104512164962827,0.038255186929368995
"delta(log(high), 5)",-0.015139634971081709,-0.07468267067844056,970,1.0,0.015139634971081709,0.07468267067844056
"delta(ts_mean(close, 5), 5)",-0.019129748961081338,-0.09396373136361676,969,1.0,0.019129748961081338,0.09396373136361676
"ts_rank(high, 10)",-0.01467833175298112,-0.08183518851671677,969,0.9979402677651905,0.01467833175298112,0.08183518851671677
zscore_xs(open),-0.010766241269970056,-0.05002382302724608,975,1.0,0.010766241269970056,0.05002382302724608
"zscore_xs(ts_std(ret, 5))",0.010341916359637951,0.04844583067133155,974,1.0,0.010341916359637951,0.04844583067133155
"delta(ts_std(low, 20), 5)",0.0011783400610728305,0.007655412507971296,961,1.0,0.0011783400610728305,0.007655412507971296
"ts_rank(volume, 10)",-0.004347559730809282,-0.031439077088272524,971,1.0,0.004347559730809282,0.031439077088272524
"delta(ts_std(low, 5), 5)",0.006643975925107036,0.043674702396412156,969,1.0,0.006643975925107036,0.043674702396412156
"ts_rank(ts_rank(close, 10), 10)",-0.02832443980616715,-0.1845834798313632,966,0.9989658738366081,0.02832443980616715,0.1845834798313632
"ts_rank(open, 10)",-0.014889437220767195,-0.08184111953061976,969,0.9979402677651905,0.014889437220767195,0.08184111953061976
"log(ts_std(high, 20))",0.0011037385762893625,0.004810753658611169,966,1.0,0.0011037385762893625,0.004810753658611169
log(amount),-0.011371200151115174,-0.06560637140947465,975,1.0,0.011371200151115174,0.06560637140947465
"ts_mean(volume, 10)",0.0016933675235260635,0.0097531231524528,971,1.0,0.0016933675235260635,0.0097531231524528
"ts_rank(high, 20)",-0.013880511578915344,-0.07365841374902998,966,1.0,0.013880511578915344,0.07365841374902998
"ts_mean(ts_mean(low, 5), 10)",-0.00764333859218977,-0.0356228425317973,970,1.0,0.00764333859218977,0.0356228425317973
"ts_std(ts_rank(high, 10), 10)",-0.0035646270352855205,-0.026366982568987535,967,1.0,0.0035646270352855205,0.026366982568987535
"ts_mean(delta(high, 5), 5)",-0.01754040572110315,-0.0865835554817761,969,1.0,0.01754040572110315,0.0865835554817761
"ts_mean(sign(ret), 20)",-0.008262308045811233,-0.051130770483085404,966,1.0,0.008262308045811233,0.051130770483085404
"ts_std(ret, 10)",0.012686884904197858,0.05421084061405672,971,1.0,0.012686884904197858,0.05421084061405672
"ts_mean(close, 10)",-0.0075953299851939104,-0.03542439331321117,971,1.0,0.0075953299851939104,0.03542439331321117
"delta(volume, 1)",-0.006185721365221594,-0.04464813033108807,974,1.0,0.006185721365221594,0.04464813033108807
"ts_std(ts_mean(high, 20), 5)",0.008301766140417208,0.03786837383191788,965,1.0,0.008301766140417208,0.03786837383191788
"ts_std(ts_mean(high, 5), 10)",0.0023838936458326536,0.01062191263967914,970,1.0,0.0023838936458326536,0.01062191263967914
"ts_mean(open, 10)",-0.007596723380606692,-0.03540832323288133,971,1.0,0.007596723380606692,0.03540832323288133
"ts_rank(ts_rank(low, 10), 20)",-0.014899526225320993,-0.09562969891676207,962,1.0,0.014899526225320993,0.09562969891676207
"ts_std(delta(open, 1), 5)",0.0016691548953805021,0.00716847633285684,973,1.0,0.0016691548953805021,0.00716847633285684
"delta(ts_std(volume, 10), 1)",-0.00010822261459833439,-0.0008899022764012719,970,1.0,0.00010822261459833439,0.0008899022764012719
"ts_mean(ts_rank(close, 20), 5)",-0.0068321084917637425,-0.0378323538567457,965,1.0,0.0068321084917637425,0.0378323538567457
log(volume),-0.002067781232880866,-0.012017635000663064,975,1.0,0.002067781232880866,0.012017635000663064
"ts_std(ts_std(close, 20), 20)",0.005115633705953858,0.023137734375754806,957,1.0,0.005115633705953858,0.023137734375754806
"log(ts_std(close, 5))",0.003888528662700545,0.01690817481264881,974,1.0,0.003888528662700545,0.01690817481264881
"zscore_xs(ts_std(open, 5))",0.003115469115444417,0.013563161926564935,974,1.0,0.003115469115444417,0.013563161926564935
"ts_std(ret, 5)",0.010341916359637951,0.04844583067133155,974,1.0,0.010341916359637951,0.04844583067133155
"ts_mean(amount, 5)",-0.0041922969811572985,-0.023976791997383357,974,1.0,0.0041922969811572985,0.023976791997383357
"ts_std(open, 5)",0.003114304625050848,0.013558145010792381,974,1.0,0.003114304625050848,0.013558145010792381
"delta(volume, 10)",-0.000549046314583316,-0.003748290450507015,965,1.0,0.000549046314583316,0.003748290450507015
zscore_xs(log(ret)),-0.017640359346146807,-0.08980428903690255,848,1.0,0.017640359346146807,0.08980428903690255
"ts_mean(ts_mean(volume, 20), 10)",0.0004613482725978669,0.0026558641489052752,962,1.0,0.0004613482725978669,0.0026558641489052752
"ts_mean(ts_rank(ret, 10), 5)",-0.01449306061847026,-0.09919138620630143,970,1.0,0.01449306061847026,0.09919138620630143
"log(ts_std(low, 20))",0.0011088586337682262,0.004852637360967397,966,1.0,0.0011088586337682262,0.004852637360967397
"zscore_xs(ts_rank(low, 10))",-0.0175904121865307,-0.09589904260232236,968,0.9969104016477858,0.0175904121865307,0.09589904260232236
"log(delta(open, 1))",-0.009318259635838906,-0.040308988481584436,842,1.0,0.009318259635838906,0.040308988481584436
log(ret),-0.017640359346146807,-0.08980428903690255,848,1.0,0.017640359346146807,0.08980428903690255
"ts_rank(delta(ret, 1), 20)",-0.009657123695946405,-0.06914929598364367,965,1.0,0.009657123695946405,0.06914929598364367
"delta(log(close), 5)",-0.01995767923213278,-0.09694788992707191,970,1.0,0.01995767923213278,0.09694788992707191
"ts_mean(ts_std(volume, 20), 5)",-0.001760787937092632,-0.010187180418682306,965,1.0,0.001760787937092632,0.010187180418682306
"zscore_xs(ts_mean(low, 10))",-0.00776917714154848,-0.03627056873947936,971,1.0,0.00776917714154848,0.03627056873947936
"ts_rank(volume, 20)",0.0011171178117511118,0.007833179505030608,966,1.0,0.0011171178117511118,0.007833179505030608
"delta(log(close), 1)",-0.030334678965676393,-0.16056412873443546,974,1.0,0.030334678965676393,0.16056412873443546
"ts_std(ts_mean(close, 10), 20)",0.008078097110466928,0.03583841159356451,962,1.0,0.008078097110466928,0.03583841159356451
"ts_mean(ts_std(low, 20), 5)",0.0014752301811303977,0.006462661642690474,965,1.0,0.0014752301811303977,0.006462661642690474
"delta(delta(high, 5), 10)",-0.008090845438130125,-0.043414243972510876,960,1.0,0.008090845438130125,0.043414243972510876
"ts_std(zscore_xs(open), 5)",-0.00100130462499916,-0.005823142798683768,974,1.0,0.00100130462499916,0.005823142798683768
"ts_rank(ret, 20)",-0.016986629501520384,-0.11371425005511515,966,1.0,0.016986629501520384,0.11371425005511515
"ts_rank(ret, 10)",-0.018894482324584273,-0.13095791209519012,970,0.9989701338825953,0.018894482324584273,0.13095791209519012
"ts_rank(ts_mean(low, 5), 10)",-0.013042479456712098,-0.07200703757494623,963,0.9927835051546392,0.013042479456712098,0.07200703757494623
"ts_rank(ts_rank(low, 10), 10)",-0.021331019522670528,-0.1413577370141878,967,1.0,0.021331019522670528,0.1413577370141878
"zscore_xs(ts_rank(volume, 20))",0.0011171178117511118,0.007833179505030608,966,1.0,0.0011171178117511118,0.007833179505030608
"ts_std(ts_mean(ret, 20), 10)",0.02378765599243971,0.11417286542326709,962,1.0,0.02378765599243971,0.11417286542326709
"zscore_xs(ts_mean(ret, 5))",-0.011170402554164146,-0.05931154919414913,974,1.0,0.011170402554164146,0.05931154919414913
"delta(delta(amount, 1), 10)",-0.011334214096588982,-0.07893686184715243,964,1.0,0.011334214096588982,0.07893686184715243
"ts_rank(ts_std(low, 20), 20)",-0.0012356166639082883,-0.009012483419788478,956,0.9989550679205852,0.0012356166639082883,0.009012483419788478
"ts_rank(delta(ret, 1), 10)",-0.007326832494580989,-0.0535620538992114,968,0.9979381443298969,0.007326832494580989,0.0535620538992114
"ts_rank(ts_mean(ret, 20), 20)",-0.016049184163902445,-0.09561859215346978,955,0.9979101358411703,0.016049184163902445,0.09561859215346978
"ts_std(log(ret), 5)",-0.001494822710619486,-0.012878570681309504,967,1.0,0.001494822710619486,0.012878570681309504
"ts_std(delta(volume, 10), 5)",-0.0015814534046794575,-0.009324754452843967,964,1.0,0.0015814534046794575,0.009324754452843967
"ts_std(ts_std(high, 20), 5)",0.010632003811359427,0.04906082335042724,965,1.0,0.010632003811359427,0.04906082335042724
"ts_mean(ts_mean(open, 10), 10)",-0.007810061404164357,-0.03624679139852594,967,1.0,0.007810061404164357,0.03624679139852594
"delta(ts_mean(open, 5), 10)",-0.010068827955509178,-0.049975189014526716,964,1.0,0.010068827955509178,0.049975189014526716
"ts_std(high, 10)",0.0015644277067249797,0.006841013525016999,971,1.0,0.0015644277067249797,0.006841013525016999
"ts_mean(ret, 20)",-0.010585794292524786,-0.05312041268213907,966,1.0,0.010585794292524786,0.05312041268213907
"ts_rank(ts_rank(high, 20), 20)",-0.012075836153732837,-0.07420444057492755,957,1.0,0.012075836153732837,0.07420444057492755
"ts_std(ts_std(low, 20), 5)",0.008244435683936733,0.03851553827560297,965,1.0,0.008244435683936733,0.03851553827560297
"delta(ts_mean(volume, 20), 1)",0.0003299380330921177,0.002391147191905714,965,1.0,0.0003299380330921177,0.002391147191905714
"delta(ts_std(low, 5), 1)",0.004833410089577262,0.03174075721347623,973,1.0,0.004833410089577262,0.03174075721347623
"ts_std(ts_std(high, 5), 5)",0.0025117215914326014,0.011411571620854984,973,1.0,0.0025117215914326014,0.011411571620854984
"ts_std(delta(volume, 1), 5)",0.0006796363878062247,0.004003282645654823,973,1.0,0.0006796363878062247,0.004003282645654823
"delta(ts_rank(volume, 20), 1)",-0.007706236297531819,-0.06045855308327899,965,1.0,0.007706236297531819,0.06045855308327899
"delta(ts_mean(ret, 5), 1)",-0.014335869207680478,-0.08859061823071812,973,1.0,0.014335869207680478,0.08859061823071812
"ts_mean(open, 5)",-0.007278562979661521,-0.03404003634291163,974,1.0,0.007278562979661521,0.03404003634291163
"delta(close, 5)",-0.02420150318745419,-0.12063599064411218,970,1.0,0.02420150318745419,0.12063599064411218
"delta(sign(ret), 1)",-0.006977018505314276,-0.05404733982432562,882,0.9055441478439425,0.006977018505314276,0.05404733982432562
"ts_rank(zscore_xs(high), 20)",-0.010773498961789,-0.055540157133069826,966,1.0,0.010773498961789,0.055540157133069826
log(zscore_xs(low)),0.0021783032727637976,0.00880028304270569,974,1.0,0.0021783032727637976,0.00880028304270569
"log(ts_std(volume, 5))",0.0005801829062249064,0.0034404667113417434,974,1.0,0.0005801829062249064,0.0034404667113417434
"ts_mean(ts_mean(amount, 10), 20)",-0.00844344929619757,-0.04595883744783551,962,1.0,0.00844344929619757,0.04595883744783551
"ts_mean(log(low), 20)",-0.008363378436430924,-0.0389594873267158,966,1.0,0.008363378436430924,0.0389594873267158
"ts_std(delta(amount, 10), 5)",-0.007092980909845628,-0.040686845473468715,964,1.0,0.007092980909845628,0.040686845473468715
"log(ts_std(high, 10))",0.0015664316891369737,0.006850291950920107,971,1.0,0.0015664316891369737,0.006850291950920107
"delta(amount, 5)",-0.0034741521247128393,-0.023135492039255436,970,1.0,0.0034741521247128393,0.023135492039255436
"ts_rank(sign(ret), 10)",-0.01358813796540201,-0.0999809840758491,971,1.0,0.01358813796540201,0.0999809840758491
"ts_mean(zscore_xs(low), 20)",-0.008218678474999982,-0.03826489373029506,966,1.0,0.008218678474999982,0.03826489373029506
"delta(ts_mean(low, 10), 1)",-0.016162257036297412,-0.07705866601475753,970,1.0,0.016162257036297412,0.07705866601475753
"delta(zscore_xs(low), 10)",-0.00930442762954139,-0.04882210506544246,965,1.0,0.00930442762954139,0.04882210506544246
"delta(log(open), 10)",-0.006993608796621856,-0.03217140461786668,965,1.0,0.006993608796621856,0.03217140461786668
"zscore_xs(ts_std(close, 10))",0.001557890841559236,0.0067940458492283,971,1.0,0.001557890841559236,0.0067940458492283
"delta(ts_rank(open, 10), 10)",-0.007449085564449149,-0.04891118525936206,961,1.0,0.007449085564449149,0.04891118525936206
"zscore_xs(ts_mean(amount, 20))",-0.008309474809571315,-0.04563323654351744,966,1.0,0.008309474809571315,0.04563323654351744
"ts_mean(log(open), 20)",-0.008153148413098025,-0.0379069168236738,966,1.0,0.008153148413098025,0.0379069168236738
"delta(zscore_xs(ret), 1)",-0.012553899724547048,-0.07896856627030654,974,1.0,0.012553899724547048,0.07896856627030654
"ts_mean(close, 5)",-0.007298556068055952,-0.034156883812467655,974,1.0,0.007298556068055952,0.034156883812467655
"ts_mean(ts_rank(open, 10), 10)",0.0034214821057008556,0.01898124893005106,967,1.0,0.0034214821057008556,0.01898124893005106
"delta(ret, 10)",-0.014325596548461878,-0.08564605943977897,965,1.0,0.014325596548461878,0.08564605943977897
"ts_rank(ts_rank(high, 10), 10)",-0.02025174026178809,-0.13162332838883786,967,1.0,0.02025174026178809,0.13162332838883786
log(zscore_xs(ret)),-0.008329179635495546,-0.04284678184963029,967,0.9989669421487604,0.008329179635495546,0.04284678184963029
"delta(open, 5)",-0.017102938051292323,-0.0858765620704384,970,1.0,0.017102938051292323,0.0858765620704384
"ts_rank(ts_rank(amount, 20), 10)",-0.009743068351834543,-0.0684186560810747,962,1.0,0.009743068351834543,0.0684186560810747
"ts_rank(ts_rank(high, 20), 10)",-0.013943828628746147,-0.09050202568499287,961,0.998960498960499,0.013943828628746147,0.09050202568499287
"delta(ts_rank(close, 10), 1)",-0.020184737559248177,-0.13378433465502104,970,1.0,0.020184737559248177,0.13378433465502104
"delta(log(close), 10)",-0.012473760186503115,-0.057681239958218236,965,1.0,0.012473760186503115,0.057681239958218236
"ts_std(delta(low, 5), 5)",-0.001565599070939285,-0.006906095808662578,969,1.0,0.001565599070939285,0.006906095808662578
"ts_std(ts_mean(volume, 5), 20)",-0.002795245521960346,-0.016500495842405063,965,1.0,0.002795245521960346,0.016500495842405063
"ts_rank(ts_mean(volume, 10), 10)",0.005078741970246992,0.0377980233922283,967,1.0,0.005078741970246992,0.0377980233922283
"ts_mean(high, 5)",-0.007276125839251402,-0.033992364233878324,974,1.0,0.007276125839251402,0.033992364233878324
"delta(low, 10)",-0.016773974512053626,-0.07992368938857974,965,1.0,0.016773974512053626,0.07992368938857974
"ts_std(ts_rank(amount, 10), 5)",0.0015287993189708256,0.013716063916874147,970,1.0,0.0015287993189708256,0.013716063916874147
"ts_std(log(high), 20)",0.016420818754511544,0.07387130281677326,966,1.0,0.016420818754511544,0.07387130281677326
"delta(delta(close, 10), 5)",-0.013118146859561928,-0.07015164544743212,960,1.0,0.013118146859561928,0.07015164544743212
"ts_std(log(volume), 10)",-0.0011538939011002732,-0.008175725255830017,971,1.0,0.0011538939011002732,0.008175725255830017
"ts_std(delta(low, 10), 20)",0.0016992335244072315,0.007392809833473763,956,1.0,0.0016992335244072315,0.007392809833473763
log(zscore_xs(close)),0.0023485873756422465,0.00956003604778814,972,1.0,0.0023485873756422465,0.00956003604778814
"delta(log(ret), 5)",-0.0004082856820120665,-0.0020797464732943208,485,1.0,0.0004082856820120665,0.0020797464732943208
"ts_std(ts_mean(close, 20), 10)",0.00918923172311218,0.04179507872118053,962,1.0,0.00918923172311218,0.04179507872118053
"zscore_xs(ts_mean(high, 10))",-0.00745403062236121,-0.03470382585772937,971,1.0,0.00745403062236121,0.03470382585772937
"ts_mean(close, 20)",-0.008008333778254871,-0.03722662380060147,966,1.0,0.008008333778254871,0.03722662380060147
"ts_rank(amount, 20)",-0.0022388174799255253,-0.01452009549148082,966,1.0,0.0022388174799255253,0.01452009549148082
"ts_rank(log(volume), 20)",0.0011171178117511118,0.007833179505030608,966,1.0,0.0011171178117511118,0.007833179505030608
"delta(delta(low, 10), 10)",-0.0034200635198375438,-0.018128858399666003,955,1.0,0.0034200635198375438,0.018128858399666003
"ts_std(open, 10)",0.0017243264122003643,0.007493109260667203,971,1.0,0.0017243264122003643,0.007493109260667203
"ts_rank(low, 20)",-0.015162574944564959,-0.07907361561659176,964,0.9979296066252588,0.015162574944564959,0.07907361561659176
"ts_mean(delta(low, 1), 5)",-0.02268029729823807,-0.11169823274953672,973,1.0,0.02268029729823807,0.11169823274953672
"ts_mean(ts_std(low, 20), 20)",0.0037958520454942496,0.016369390173650515,957,1.0,0.0037958520454942496,0.016369390173650515
"delta(ts_std(open, 5), 5)",0.0008065605549884119,0.005262100554613884,969,1.0,0.0008065605549884119,0.005262100554613884
"ts_mean(zscore_xs(close), 5)",-0.007283598982539391,-0.034089550407493445,974,1.0,0.007283598982539391,0.034089550407493445
"ts_std(log(high), 5)",0.008418966178918375,0.04100060391617896,974,1.0,0.008418966178918375,0.04100060391617896
"ts_rank(log(high), 20)",-0.013880511578915344,-0.07365841374902998,966,1.0,0.013880511578915344,0.07365841374902998
"log(ts_rank(open, 10))",-0.014889437220767195,-0.08184111953061976,969,0.9979402677651905,0.014889437220767195,0.08184111953061976
"log(ts_rank(low, 20))",-0.015162574944564959,-0.07907361561659176,964,0.9979296066252588,0.015162574944564959,0.07907361561659176
"ts_mean(zscore_xs(open), 10)",-0.007606280277489161,-0.0354592197871241,971,1.0,0.007606280277489161,0.0354592197871241
"log(ts_rank(volume, 20))",0.0011171178117511118,0.007833179505030608,966,1.0,0.0011171178117511118,0.007833179505030608
"delta(sign(ret), 10)",-0.01135509944096374,-0.08405008620227535,868,0.8994818652849741,0.01135509944096374,0.08405008620227535
"ts_rank(zscore_xs(ret), 20)",-0.01825992538497449,-0.10957266128336297,966,1.0,0.01825992538497449,0.10957266128336297
"ts_std(low, 5)",0.004209894392891874,0.018408126955732365,974,1.0,0.004209894392891874,0.018408126955732365
"zscore_xs(delta(amount, 10))",-0.002002363356809234,-0.012804965354164328,965,1.0,0.002002363356809234,0.012804965354164328
"zscore_xs(delta(volume, 5))",-0.0012510513711918275,-0.008888686891179004,970,1.0,0.0012510513711918275,0.008888686891179004
"delta(ts_mean(high, 20), 5)",-0.013606742269403246,-0.07140797141141694,961,1.0,0.013606742269403246,0.07140797141141694
"delta(ts_rank(high, 20), 10)",-0.003099234675425357,-0.01953569731289975,956,1.0,0.003099234675425357,0.01953569731289975
"delta(delta(low, 1), 1)",-0.010652378543421043,-0.05821695488119698,973,1.0,0.010652378543421043,0.05821695488119698
"delta(log(low), 10)",-0.008461053153230265,-0.0390903732111043,965,1.0,0.008461053153230265,0.0390903732111043
"log(ts_rank(volume, 10))",-0.004347559730809282,-0.031439077088272524,971,1.0,0.004347559730809282,0.031439077088272524
"log(ts_mean(low, 20))",-0.008177119173366313,-0.0380659296032675,966,1.0,0.008177119173366313,0.0380659296032675
"ts_mean(zscore_xs(volume), 5)",0.0020672159822427505,0.011986979787740822,974,1.0,0.0020672159822427505,0.011986979787740822
"ts_mean(log(high), 10)",-0.007693963175832302,-0.03584555936891737,971,1.0,0.007693963175832302,0.03584555936891737
"delta(zscore_xs(volume), 10)",-0.009271033562478938,-0.06674507762485983,965,1.0,0.009271033562478938,0.06674507762485983
"delta(ts_std(volume, 20), 5)",-0.003987005523981304,-0.031012375013916946,961,1.0,0.003987005523981304,0.031012375013916946
"zscore_xs(ts_rank(high, 20))",-0.013880511578915344,-0.07365841374902998,966,1.0,0.013880511578915344,0.07365841374902998
"ts_rank(ts_std(ret, 5), 20)",0.008387496279430532,0.06336826777816108,965,1.0,0.008387496279430532,0.06336826777816108
"ts_std(ts_mean(high, 5), 20)",0.0037848567156002775,0.01662602894646837,965,1.0,0.0037848567156002775,0.01662602894646837
"ts_rank(ts_std(close, 10), 20)",-0.0006857770572303854,-0.004701020049313001,962,1.0,0.0006857770572303854,0.004701020049313001
"delta(ts_mean(high, 20), 10)",-0.01008957639293743,-0.0540380678089599,956,1.0,0.01008957639293743,0.0540380678089599
"delta(zscore_xs(ret), 10)",-0.014436735549841878,-0.08869433695099592,965,1.0,0.014436735549841878,0.08869433695099592
"ts_rank(zscore_xs(open), 20)",-0.00984715287803197,-0.05082840254011774,966,1.0,0.00984715287803197,0.05082840254011774
"ts_mean(delta(high, 10), 20)",-0.010044366852901165,-0.053806724403224725,956,1.0,0.010044366852901165,0.053806724403224725
"ts_mean(zscore_xs(high), 20)",-0.007960459351769303,-0.03692652028396167,966,1.0,0.007960459351769303,0.03692652028396167
"ts_rank(log(ret), 20)",-0.010886760205357488,-0.05422452168816163,662,1.0,0.010886760205357488,0.05422452168816163
"delta(ts_mean(high, 5), 1)",-0.019501879573264654,-0.09830986110173953,973,1.0,0.019501879573264654,0.09830986110173953
"ts_mean(high, 10)",-0.007453154087157823,-0.03469963307863246,971,1.0,0.007453154087157823,0.03469963307863246
"log(ts_rank(ret, 20))",-0.016986629501520384,-0.11371425005511515,966,1.0,0.016986629501520384,0.11371425005511515
"delta(ts_std(close, 10), 10)",0.00709880143518364,0.04487660441351398,961,1.0,0.00709880143518364,0.04487660441351398
"ts_rank(ts_rank(ret, 20), 20)",-0.012629997685785379,-0.08591537189399469,957,1.0,0.012629997685785379,0.08591537189399469
"delta(ts_rank(low, 20), 5)",-0.016616262814385465,-0.10706433873101909,961,1.0,0.016616262814385465,0.10706433873101909
"ts_mean(log(ret), 20)",0.0035272945065579022,0.01371242208238114,912,1.0,0.0035272945065579022,0.01371242208238114
"ts_std(ts_std(amount, 10), 20)",-0.006158966482689015,-0.03758244762442682,962,1.0,0.006158966482689015,0.03758244762442682
"delta(zscore_xs(volume), 1)",-0.006970132404234873,-0.053207146254234866,974,1.0,0.006970132404234873,0.053207146254234866
"delta(delta(high, 10), 1)",-0.01409558985247708,-0.07698585960113893,964,1.0,0.01409558985247708,0.07698585960113893
"ts_std(ts_rank(volume, 20), 5)",0.0034681210051911325,0.029619730013207803,965,1.0,0.0034681210051911325,0.029619730013207803
"delta(low, 5)",-0.021736451552379726,-0.10719435708461711,970,1.0,0.021736451552379726,0.10719435708461711
"delta(zscore_xs(volume), 5)",-0.004747065976207479,-0.03582707743535275,970,1.0,0.004747065976207479,0.03582707743535275
log(zscore_xs(volume)),-0.02028458672842479,-0.08231863842329315,792,1.0,0.02028458672842479,0.08231863842329315
"delta(ts_rank(ret, 20), 10)",-0.0126149196712187,-0.08684537743226914,956,1.0,0.0126149196712187,0.08684537743226914
"ts_std(ts_mean(low, 20), 10)",0.008703938990325186,0.03971425866080566,962,1.0,0.008703938990325186,0.03971425866080566
"ts_rank(ts_std(open, 10), 10)",0.0008604245466904457,0.006071522492378021,965,0.9979317476732161,0.0008604245466904457,0.006071522492378021
"log(ts_mean(ret, 10))",0.0016415631204005302,0.008025267363968212,885,1.0,0.0016415631204005302,0.008025267363968212
"zscore_xs(ts_mean(close, 10))",-0.007594073497763091,-0.035418474818359635,971,1.0,0.007594073497763091,0.035418474818359635
"ts_std(log(amount), 5)",0.004321396554747904,0.03276053061047382,974,1.0,0.004321396554747904,0.03276053061047382
"ts_mean(ts_std(amount, 10), 20)",-0.008513709674605815,-0.047382356420757214,962,1.0,0.008513709674605815,0.047382356420757214
"ts_std(delta(open, 5), 20)",0.0004933039231637883,0.0021359001070023345,961,1.0,0.0004933039231637883,0.0021359001070023345
"delta(delta(amount, 5), 10)",-0.006401616525582477,-0.044298144276608,960,1.0,0.006401616525582477,0.044298144276608
"ts_std(zscore_xs(amount), 10)",-0.0067743587398269205,-0.04117512363915634,971,1.0,0.0067743587398269205,0.04117512363915634
zscore_xs(log(close)),-0.010995522628259416,-0.05115724879695897,975,1.0,0.010995522628259416,0.05115724879695897
"ts_rank(log(volume), 10)",-0.004347559730809282,-0.031439077088272524,971,1.0,0.004347559730809282,0.031439077088272524
"delta(ts_rank(volume, 20), 5)",-0.002656023059234158,-0.019740244239353062,961,1.0,0.002656023059234158,0.019740244239353062
"delta(delta(amount, 1), 5)",-0.00856763447429265,-0.06066237874943818,969,1.0,0.00856763447429265,0.06066237874943818
"ts_mean(zscore_xs(open), 5)",-0.0072637654093411315,-0.03397179481472798,974,1.0,0.0072637654093411315,0.03397179481472798
"ts_mean(ts_mean(ret, 20), 5)",-0.009955972495098645,-0.050691416681314515,965,1.0,0.009955972495098645,0.050691416681314515
"log(ts_mean(open, 20))",-0.008008548424020183,-0.037211816650585774,966,1.0,0.008008548424020183,0.037211816650585774
"delta(ts_mean(volume, 20), 10)",-0.002578413073391793,-0.017778683687671385,956,1.0,0.002578413073391793,0.017778683687671385
"ts_mean(ts_std(close, 10), 10)",0.0005444844424901356,0.0023722336054227354,967,1.0,0.0005444844424901356,0.0023722336054227354
"ts_std(ts_mean(high, 10), 10)",0.004123109207616685,0.018625724309375338,967,1.0,0.004123109207616685,0.018625724309375338
"delta(delta(open, 5), 5)",-0.01433906099977414,-0.0788016802499779,965,1.0,0.01433906099977414,0.0788016802499779
"ts_rank(ts_mean(volume, 20), 10)",-0.0017367082471691495,-0.012662991240998392,962,1.0,0.0017367082471691495,0.012662991240998392
"ts_mean(delta(open, 1), 20)",-0.013453618199175945,-0.06696987941275764,965,1.0,0.013453618199175945,0.06696987941275764
"ts_rank(ts_std(close, 10), 10)",0.0011009528202409213,0.007949741070564656,966,0.9989658738366081,0.0011009528202409213,0.007949741070564656
"ts_rank(delta(volume, 10), 20)",0.0011623656132626736,0.00845240646876089,956,1.0,0.0011623656132626736,0.00845240646876089
"ts_std(delta(low, 1), 20)",-0.0037783390472831933,-0.01646505078011923,965,1.0,0.0037783390472831933,0.01646505078011923
"delta(ts_std(open, 20), 10)",-0.0012844018224296666,-0.008081508327396058,956,1.0,0.0012844018224296666,0.008081508327396058
"log(ts_mean(low, 5))",-0.007437619176927191,-0.03484033305908776,974,1.0,0.007437619176927191,0.03484033305908776
"ts_std(low, 20)",0.0011088586337682262,0.004852637360967397,966,1.0,0.0011088586337682262,0.004852637360967397
"zscore_xs(delta(high, 5))",-0.01874611158727564,-0.09467517025208114,970,1.0,0.01874611158727564,0.09467517025208114
"ts_mean(log(high), 5)",-0.007621021033043273,-0.03566015802758838,974,1.0,0.007621021033043273,0.03566015802758838
"zscore_xs(delta(ret, 5))",-0.01442059542718748,-0.08903904291088043,970,1.0,0.01442059542718748,0.08903904291088043
"delta(ts_std(amount, 10), 5)",0.007970497226968182,0.05940628456319409,966,1.0,0.007970497226968182,0.05940628456319409
"delta(ts_mean(amount, 10), 10)",0.010848699585325236,0.07144309533782774,961,1.0,0.010848699585325236,0.07144309533782774
"zscore_xs(ts_mean(amount, 10))",-0.005337618925690428,-0.029853874599241468,971,1.0,0.005337618925690428,0.029853874599241468
"ts_mean(ts_rank(volume, 10), 10)",0.01554189536341196,0.11219678261472035,967,1.0,0.01554189536341196,0.11219678261472035
"ts_std(ts_std(ret, 10), 20)",0.007161413190934247,0.03849748963784893,962,1.0,0.007161413190934247,0.03849748963784893
"ts_std(log(volume), 5)",0.0019313352647809862,0.0153488855645375,974,1.0,0.0019313352647809862,0.0153488855645375
"ts_rank(ts_std(amount, 20), 20)",-0.010991307896684442,-0.08329588843373562,957,1.0,0.010991307896684442,0.08329588843373562
"delta(high, 1)",-0.013872635926658678,-0.07453144655428949,974,1.0,0.013872635926658678,0.07453144655428949
"log(ts_std(amount, 10))",-0.007779691989785971,-0.04499920042163134,971,1.0,0.007779691989785971,0.04499920042163134
"ts_mean(log(close), 10)",-0.007837519917188241,-0.036586970324718034,971,1.0,0.007837519917188241,0.036586970324718034
"ts_mean(log(close), 5)",-0.0076233819014515656,-0.035731370121672906,974,1.0,0.0076233819014515656,0.035731370121672906
"ts_std(ts_std(amount, 20), 10)",0.002611833512262518,0.017000028541952057,962,1.0,0.002611833512262518,0.017000028541952057
"delta(zscore_xs(low), 5)",-0.006627534112640139,-0.03584266657064954,970,1.0,0.006627534112640139,0.03584266657064954
"ts_std(ts_std(close, 10), 10)",-0.001876480916125731,-0.008700867059519635,967,1.0,0.001876480916125731,0.008700867059519635
"delta(ts_mean(high, 10), 5)",-0.008909365592554702,-0.04415274812284056,966,1.0,0.008909365592554702,0.04415274812284056
"log(ts_rank(ret, 10))",-0.018894482324584273,-0.13095791209519012,970,0.9989701338825953,0.018894482324584273,0.13095791209519012
"ts_mean(ts_rank(low, 10), 20)",-0.009706349052629798,-0.05571639832256677,962,1.0,0.009706349052629798,0.05571639832256677
"ts_rank(zscore_xs(volume), 10)",-0.012395447524378237,-0.0936498011082872,971,1.0,0.012395447524378237,0.0936498011082872
"delta(log(low), 5)",-0.015747578907065546,-0.07613540499985905,970,1.0,0.015747578907065546,0.07613540499985905
"ts_std(log(high), 10)",0.008643837098012294,0.04061857084741232,971,1.0,0.008643837098012294,0.04061857084741232
"ts_std(amount, 10)",-0.007779691989785971,-0.04499920042163134,971,1.0,0.007779691989785971,0.04499920042163134
"ts_rank(delta(close, 1), 10)",-0.024608500571691286,-0.1544883153864845,970,1.0,0.024608500571691286,0.1544883153864845
"ts_mean(log(amount), 10)",-0.006112796248542271,-0.03438123100153766,971,1.0,0.006112796248542271,0.03438123100153766
"delta(log(low), 1)",-0.016069005729720563,-0.08550493173952121,974,1.0,0.016069005729720563,0.08550493173952121
"delta(ts_std(close, 20), 10)",-0.001361110852575657,-0.008532704583268522,956,1.0,0.001361110852575657,0.008532704583268522
"delta(ts_std(low, 10), 10)",0.003667524136978553,0.022772100134996257,961,1.0,0.003667524136978553,0.022772100134996257
"ts_rank(ts_std(low, 20), 10)",0.0013726796705155052,0.010100292872980901,958,0.9958419958419958,0.0013726796705155052,0.010100292872980901
"ts_rank(ts_std(low, 10), 20)",-0.005385579494750425,-0.035847934525314255,962,1.0,0.005385579494750425,0.035847934525314255
"ts_std(ts_std(amount, 5), 20)",-0.008299502843271338,-0.04935767127361934,965,1.0,0.008299502843271338,0.04935767127361934
"ts_mean(ts_std(ret, 20), 5)",0.011334177795839718,0.043915948375977426,965,1.0,0.011334177795839718,0.043915948375977426
"log(ts_mean(ret, 20))",0.006354210668768367,0.03080719728143499,903,1.0,0.006354210668768367,0.03080719728143499
"ts_std(ts_mean(open, 10), 5)",0.005496866870955274,0.02482301653729881,970,1.0,0.005496866870955274,0.02482301653729881
"delta(ts_std(amount, 10), 1)",0.003671850851845433,0.02967834863992959,970,1.0,0.003671850851845433,0.02967834863992959
"zscore_xs(ts_std(volume, 20))",-0.002987109504159951,-0.017340235452615232,966,1.0,0.002987109504159951,0.017340235452615232
"ts_mean(zscore_xs(close), 20)",-0.008041150211831825,-0.03738748091139875,966,1.0,0.008041150211831825,0.03738748091139875
"delta(delta(volume, 1), 1)",-0.004461667056497296,-0.032778408187620484,973,1.0,0.004461667056497296,0.032778408187620484
"log(ts_rank(high, 20))",-0.013880511578915344,-0.07365841374902998,966,1.0,0.013880511578915344,0.07365841374902998
"ts_std(ts_std(high, 10), 10)",-0.002296428961225158,-0.01062011714699192,967,1.0,0.002296428961225158,0.01062011714699192
log(zscore_xs(open)),0.0031418072035087016,0.012661569514501711,972,1.0,0.0031418072035087016,0.012661569514501711
"delta(delta(close, 5), 1)",-0.02063239592598283,-0.11622011150577276,969,1.0,0.02063239592598283,0.11622011150577276
"log(ts_mean(open, 5))",-0.007277893696374508,-0.03403690496089237,974,1.0,0.007277893696374508,0.03403690496089237
"ts_rank(ts_std(volume, 5), 20)",0.007638776889297524,0.06029159906268637,965,1.0,0.007638776889297524,0.06029159906268637
"delta(ts_rank(amount, 10), 10)",-0.010501105829477423,-0.07465786636902919,961,1.0,0.010501105829477423,0.07465786636902919
"ts_rank(ts_mean(amount, 10), 20)",0.001185289559103883,0.008009311802226526,962,1.0,0.001185289559103883,0.008009311802226526
"ts_mean(ts_rank(ret, 20), 10)",0.002828933271786344,0.01788613365389566,962,1.0,0.002828933271786344,0.01788613365389566
"delta(amount, 1)",-0.009815412573593677,-0.06644495393706554,974,1.0,0.009815412573593677,0.06644495393706554
"ts_mean(delta(ret, 10), 10)",0.00969696149252063,0.055836645548438556,961,1.0,0.00969696149252063,0.055836645548438556
"ts_rank(ts_std(open, 5), 20)",-0.0006219503518455773,-0.004289799087875619,964,0.9989637305699481,0.0006219503518455773,0.004289799087875619
"log(delta(open, 5))",-0.007708163305489502,-0.03292119079544485,856,1.0,0.007708163305489502,0.03292119079544485
"zscore_xs(ts_mean(volume, 5))",0.0021203842627501254,0.012227434691399487,974,1.0,0.0021203842627501254,0.012227434691399487
"zscore_xs(ts_std(close, 20))",0.0012520224755198006,0.005467794850058948,966,1.0,0.0012520224755198006,0.005467794850058948
"ts_rank(ts_std(high, 10), 20)",-0.002808047704699572,-0.019338746642507048,962,1.0,0.002808047704699572,0.019338746642507048
"ts_std(ts_std(ret, 20), 20)",0.004578386929582664,0.026266259305695042,957,1.0,0.004578386929582664,0.026266259305695042
"ts_mean(delta(low, 5), 5)",-0.01911449514506637,-0.0933699859747334,969,1.0,0.01911449514506637,0.0933699859747334
"ts_rank(delta(ret, 10), 10)",-0.01498062627466546,-0.1062044625947741,961,1.0,0.01498062627466546,0.1062044625947741
"ts_std(ts_mean(open, 5), 10)",0.0027092608384811003,0.012064585072022191,970,1.0,0.0027092608384811003,0.012064585072022191
"ts_rank(zscore_xs(high), 10)",-0.007207195641119191,-0.03985134519519389,968,0.9969104016477858,0.007207195641119191,0.03985134519519389
"ts_std(ts_mean(ret, 5), 10)",0.01796897867617752,0.08347792870304566,970,1.0,0.01796897867617752,0.08347792870304566
"ts_rank(ts_std(amount, 10), 20)",-0.0036295864835380704,-0.026356114587871793,962,1.0,0.0036295864835380704,0.026356114587871793
"ts_rank(log(amount), 10)",-0.008068093750330976,-0.054809725970996565,971,1.0,0.008068093750330976,0.054809725970996565
"ts_mean(ts_mean(low, 5), 5)",-0.007224002489739259,-0.0337305116535102,973,1.0,0.007224002489739259,0.0337305116535102
"ts_mean(ts_mean(close, 20), 5)",-0.008007483016650897,-0.03719520686132201,965,1.0,0.008007483016650897,0.03719520686132201
"delta(ts_rank(open, 20), 10)",-0.0018069084337046374,-0.011214411138500253,956,1.0,0.0018069084337046374,0.011214411138500253
"ts_std(log(open), 10)",0.010427846230445074,0.04786153907237899,971,1.0,0.010427846230445074,0.04786153907237899
"zscore_xs(delta(close, 1))",-0.030352983646435714,-0.16463523239650416,974,1.0,0.030352983646435714,0.16463523239650416
"ts_std(delta(close, 5), 20)",0.0002279456734672928,0.0009910684676892707,961,1.0,0.0002279456734672928,0.0009910684676892707
"ts_rank(ts_std(high, 5), 10)",0.0032455186185765357,0.023580336059900737,970,1.0,0.0032455186185765357,0.023580336059900737
"ts_rank(ts_std(high, 10), 10)",-0.00032376001184904245,-0.002331820584637796,967,1.0,0.00032376001184904245,0.002331820584637796
"ts_rank(ts_std(high, 20), 10)",0.0004580380821155698,0.0033249143069556987,962,1.0,0.0004580380821155698,0.0033249143069556987
"ts_std(zscore_xs(low), 20)",-0.00435915448217756,-0.02524244600749565,966,1.0,0.00435915448217756,0.02524244600749565
"delta(ts_std(low, 10), 5)",-0.003597544745612835,-0.022703906048137653,966,1.0,0.003597544745612835,0.022703906048137653
"delta(ts_mean(close, 10), 5)",-0.012062818359832903,-0.05922988179811912,966,1.0,0.012062818359832903,0.05922988179811912
"log(ts_rank(open, 20))",-0.01400488694434461,-0.07374939588266202,964,0.9979296066252588,0.01400488694434461,0.07374939588266202
"zscore_xs(ts_std(open, 20))",0.0011971685458171306,0.005217845320694664,966,1.0,0.0011971685458171306,0.005217845320694664
"delta(zscore_xs(high), 10)",-0.009081353983491556,-0.047375886001976515,965,1.0,0.009081353983491556,0.047375886001976515
"ts_rank(ts_rank(low, 20), 20)",-0.015377362887874677,-0.09451839923844274,957,1.0,0.015377362887874677,0.09451839923844274
"ts_mean(ts_rank(high, 10), 10)",0.004148219026042875,0.02276338268288336,967,1.0,0.004148219026042875,0.02276338268288336
"delta(zscore_xs(amount), 10)",-0.00688418482791028,-0.04523748681497594,965,1.0,0.00688418482791028,0.04523748681497594
"ts_std(log(low), 10)",0.009016288557577126,0.04177814217041255,971,1.0,0.009016288557577126,0.04177814217041255
"ts_rank(ts_mean(low, 5), 20)",-0.013855328808995713,-0.07498014766857038,963,0.9979274611398964,0.013855328808995713,0.07498014766857038
"delta(ts_mean(open, 20), 10)",-0.010597161380231548,-0.05673673967602952,956,1.0,0.010597161380231548,0.05673673967602952
"ts_mean(ts_std(ret, 20), 20)",0.010901844398023894,0.04106592200461873,957,1.0,0.010901844398023894,0.04106592200461873
"ts_std(log(close), 5)",0.013591935504410495,0.06498790595965362,974,1.0,0.013591935504410495,0.06498790595965362
"ts_std(ts_std(amount, 5), 10)",-0.00992731888406049,-0.06034860175953284,970,1.0,0.00992731888406049,0.06034860175953284
"ts_std(volume, 20)",-0.002987109504159951,-0.017340235452615232,966,1.0,0.002987109504159951,0.017340235452615232
"zscore_xs(delta(volume, 10))",-0.000549046314583316,-0.003748290450507015,965,1.0,0.000549046314583316,0.003748290450507015
"delta(ts_rank(open, 20), 1)",-0.010670033464650699,-0.07278846228429858,965,1.0,0.010670033464650699,0.07278846228429858
"ts_rank(ts_mean(open, 5), 20)",-0.012853501104384461,-0.07055830324527931,963,0.9979274611398964,0.012853501104384461,0.07055830324527931
"log(ts_mean(volume, 5))",0.0021203842627501254,0.012227434691399487,974,1.0,0.0021203842627501254,0.012227434691399487
"log(ts_std(open, 20))",0.0011971685458171306,0.005217845320694664,966,1.0,0.0011971685458171306,0.005217845320694664
"ts_std(delta(open, 5), 10)",0.000655188743735195,0.002872365552523013,966,1.0,0.000655188743735195,0.002872365552523013
"delta(ts_std(amount, 5), 1)",0.001864616775873176,0.015036126879275453,973,1.0,0.001864616775873176,0.015036126879275453
log(zscore_xs(amount)),0.00011630373755989247,0.0005613635141111212,902,1.0,0.00011630373755989247,0.0005613635141111212
"ts_std(ts_std(close, 10), 5)",0.0025903506939742083,0.012076319238041524,970,1.0,0.0025903506939742083,0.012076319238041524
"ts_mean(ts_rank(open, 10), 5)",-0.0017015667538297578,-0.00965478519851593,970,1.0,0.0017015667538297578,0.00965478519851593
"delta(ts_mean(low, 20), 5)",-0.014042453189868251,-0.07290025577855205,961,1.0,0.014042453189868251,0.07290025577855205
"ts_rank(ts_rank(close, 20), 20)",-0.019602951023258267,-0.12021884136034695,957,1.0,0.019602951023258267,0.12021884136034695
"ts_mean(ts_std(high, 5), 5)",0.0007315223895808476,0.0031897739831663616,973,1.0,0.0007315223895808476,0.0031897739831663616
"ts_mean(log(ret), 10)",0.009220050802433433,0.042263070511809796,936,1.0,0.009220050802433433,0.042263070511809796
zscore_xs(log(high)),-0.010624836971276145,-0.04930651006545753,975,1.0,0.010624836971276145,0.04930651006545753
"delta(ts_rank(ret, 10), 10)",-0.016905706639547484,-0.11885011690453774,961,1.0,0.016905706639547484,0.11885011690453774
"zscore_xs(ts_rank(high, 10))",-0.01467833175298112,-0.08183518851671677,969,0.9979402677651905,0.01467833175298112,0.08183518851671677
"ts_std(delta(high, 1), 10)",-0.002707831406664042,-0.011699003937855217,970,1.0,0.002707831406664042,0.011699003937855217
"ts_rank(delta(high, 1), 10)",-0.010746939576550995,-0.06607159245479,970,1.0,0.010746939576550995,0.06607159245479
"delta(ts_mean(low, 5), 10)",-0.011584698999465017,-0.057468071407309,964,1.0,0.011584698999465017,0.057468071407309
"delta(ts_mean(ret, 20), 10)",-0.009875370236143762,-0.05182517795675752,956,1.0,0.009875370236143762,0.05182517795675752
"ts_rank(log(low), 10)",-0.0175904121865307,-0.09589904260232236,968,0.9969104016477858,0.0175904121865307,0.09589904260232236
"ts_std(ts_std(volume, 10), 5)",-0.0024449480587619226,-0.015445238386219607,970,1.0,0.0024449480587619226,0.015445238386219607
"ts_mean(ts_std(open, 5), 10)",0.00039331717949850196,0.001700460331084825,970,1.0,0.00039331717949850196,0.001700460331084825
"ts_std(ts_rank(close, 10), 10)",-0.0017801937179551374,-0.013093986599223596,967,1.0,0.0017801937179551374,0.013093986599223596
"ts_std(ts_std(volume, 5), 10)",-0.0056381487277345314,-0.03402601419664104,970,1.0,0.0056381487277345314,0.03402601419664104
"zscore_xs(delta(ret, 1))",-0.011550341897825472,-0.07189961116673818,974,1.0,0.011550341897825472,0.07189961116673818
"ts_rank(ts_mean(high, 5), 10)",-0.010245049795134145,-0.05660178319323133,965,0.9948453608247423,0.010245049795134145,0.05660178319323133
"ts_std(ts_rank(low, 10), 5)",-0.005487920453805981,-0.04024075469095679,970,1.0,0.005487920453805981,0.04024075469095679
"log(ts_std(close, 10))",0.001557890841559236,0.0067940458492283,971,1.0,0.001557890841559236,0.0067940458492283
"zscore_xs(ts_std(open, 10))",0.001723945234581043,0.00749146145686843,971,1.0,0.001723945234581043,0.00749146145686843
"ts_rank(zscore_xs(amount), 10)",-0.008303571178058543,-0.05587472234929707,971,1.0,0.008303571178058543,0.05587472234929707
"ts_rank(ts_std(amount, 20), 10)",-0.004560261519716453,-0.036424273772174186,962,1.0,0.004560261519716453,0.036424273772174186
"ts_mean(delta(volume, 10), 10)",0.00793959256104213,0.05720333638446767,961,1.0,0.00793959256104213,0.05720333638446767
"ts_mean(zscore_xs(volume), 10)",0.002421780647954489,0.013987430868324071,971,1.0,0.002421780647954489,0.013987430868324071
"ts_std(ts_rank(close, 20), 20)",-0.002449346841995831,-0.018052713217362053,957,1.0,0.002449346841995831,0.018052713217362053
"delta(ts_std(close, 20), 1)",0.003137935098301463,0.020341312645015423,965,1.0,0.003137935098301463,0.020341312645015423
"ts_rank(delta(volume, 10), 10)",-0.007826733138521995,-0.05966131469863042,961,1.0,0.007826733138521995,0.05966131469863042
"delta(ts_mean(ret, 10), 10)",0.009737149555148397,0.0561437921021051,961,1.0,0.009737149555148397,0.0561437921021051
"zscore_xs(ts_rank(ret, 20))",-0.016986629501520384,-0.11371425005511515,966,1.0,0.016986629501520384,0.11371425005511515
"ts_rank(zscore_xs(ret), 10)",-0.02002272674929253,-0.12126396867292313,971,1.0,0.02002272674929253,0.12126396867292313
"zscore_xs(ts_std(ret, 10))",0.012686884904197858,0.05421084061405672,971,1.0,0.012686884904197858,0.05421084061405672
"delta(delta(close, 10), 10)",-0.006261462185396517,-0.033441612848231626,955,1.0,0.006261462185396517,0.033441612848231626
"ts_rank(zscore_xs(volume), 20)",-0.009346294136166498,-0.06860104121100517,966,1.0,0.009346294136166498,0.06860104121100517
"ts_std(ts_mean(volume, 10), 20)",-0.0022307193593988006,-0.013289167544068252,962,1.0,0.0022307193593988006,0.013289167544068252
"ts_mean(delta(open, 10), 5)",-0.010201454868719602,-0.050667970931201026,964,1.0,0.010201454868719602,0.050667970931201026
"ts_rank(ts_mean(amount, 20), 10)",-0.005627626142154863,-0.038679457722101136,962,1.0,0.005627626142154863,0.038679457722101136
"ts_std(ts_std(ret, 5), 10)",0.005257490528620692,0.027326549648417253,970,1.0,0.005257490528620692,0.027326549648417253
"zscore_xs(ts_rank(open, 10))",-0.014889437220767195,-0.08184111953061976,969,0.9979402677651905,0.014889437220767195,0.08184111953061976
"delta(zscore_xs(close), 10)",-0.01231296333849093,-0.06463595758605786,965,1.0,0.01231296333849093,0.06463595758605786
"delta(ts_std(high, 20), 10)",-0.00012076274665562038,-0.0007523521077963485,956,1.0,0.00012076274665562038,0.0007523521077963485
"delta(delta(high, 1), 10)",-0.01409558985247708,-0.07698585960113893,964,1.0,0.01409558985247708,0.07698585960113893
"ts_std(log(open), 5)",0.01049063060610816,0.050093425779395864,974,1.0,0.01049063060610816,0.050093425779395864
"ts_std(ts_std(amount, 10), 10)",-0.007285315317014363,-0.04584125677594278,967,1.0,0.007285315317014363,0.04584125677594278
"delta(ts_mean(open, 20), 1)",-0.013304924639985302,-0.06634197222901542,965,1.0,0.013304924639985302,0.06634197222901542
"log(delta(high, 5))",-0.008522602117009547,-0.03638554039950934,841,1.0,0.008522602117009547,0.03638554039950934
"ts_mean(ts_std(low, 10), 10)",0.0004650906607693819,0.002023635780246187,967,1.0,0.0004650906607693819,0.002023635780246187
"ts_mean(zscore_xs(high), 5)",-0.007271595529439645,-0.03397502445960854,974,1.0,0.007271595529439645,0.03397502445960854
"ts_mean(ts_mean(close, 5), 5)",-0.006941508084209254,-0.03237796671809904,973,1.0,0.006941508084209254,0.03237796671809904
"ts_rank(ts_mean(open, 20), 20)",-0.013391299120362295,-0.07868936693286596,953,0.9958202716823407,0.013391299120362295,0.07868936693286596
"ts_rank(ts_rank(low, 20), 10)",-0.01588912514681613,-0.10505524600126864,959,0.9968814968814969,0.01588912514681613,0.10505524600126864
"ts_rank(ts_mean(low, 20), 10)",-0.011738181168541414,-0.06862960281496337,938,0.975051975051975,0.011738181168541414,0.06862960281496337
"log(ts_rank(amount, 10))",-0.008068093750330976,-0.054809725970996565,971,1.0,0.008068093750330976,0.054809725970996565
"ts_rank(ts_std(low, 10), 10)",-0.005082325454252684,-0.03563135675154294,964,0.9968976215098242,0.005082325454252684,0.03563135675154294
"delta(delta(ret, 10), 1)",-0.005898016276572652,-0.03746786518796955,964,1.0,0.005898016276572652,0.03746786518796955
"zscore_xs(delta(amount, 5))",-0.0034741521247128393,-0.023135492039255436,970,1.0,0.0034741521247128393,0.023135492039255436
"delta(ts_rank(volume, 10), 10)",-0.008632320540560288,-0.06332233120570188,961,1.0,0.008632320540560288,0.06332233120570188
"zscore_xs(delta(ret, 10))",-0.014328681451673974,-0.08566338116887759,965,1.0,0.014328681451673974,0.08566338116887759
"delta(ts_std(ret, 5), 5)",-0.000882228106449142,-0.006445829870380283,969,1.0,0.000882228106449142,0.006445829870380283
"ts_std(ts_mean(ret, 20), 20)",0.0211896569141286,0.0934235146206066,957,1.0,0.0211896569141286,0.0934235146206066
"ts_std(zscore_xs(amount), 5)",-0.004838057700172901,-0.0314910531803595,974,1.0,0.004838057700172901,0.0314910531803595
"ts_mean(ts_rank(amount, 10), 20)",-0.0004999698525959964,-0.0033816096032834382,962,1.0,0.0004999698525959964,0.0033816096032834382
"ts_std(ts_rank(open, 10), 10)",-0.0028265954042639182,-0.020648168481628697,967,1.0,0.0028265954042639182,0.020648168481628697
"delta(log(ret), 10)",-0.0025758122760287123,-0.012801552662890228,490,1.0,0.0025758122760287123,0.012801552662890228
"delta(ts_mean(open, 5), 5)",-0.017262813843198468,-0.08461299728344933,969,1.0,0.017262813843198468,0.08461299728344933
"ts_mean(delta(amount, 5), 5)",0.0011858495790393066,0.008331501140727365,969,1.0,0.0011858495790393066,0.008331501140727365
"ts_mean(delta(volume, 5), 10)",0.006046602232230151,0.04320730812365028,966,1.0,0.006046602232230151,0.04320730812365028
"ts_std(log(low), 5)",0.012756950387519972,0.06128730296842696,974,1.0,0.012756950387519972,0.06128730296842696
"ts_std(ts_mean(open, 5), 5)",0.003724311794007058,0.016890835387249344,973,1.0,0.003724311794007058,0.016890835387249344
"zscore_xs(delta(low, 5))",-0.021739128503893663,-0.1072065634958166,970,1.0,0.021739128503893663,0.1072065634958166
"log(ts_std(open, 5))",0.0035812836276899063,0.015601860730178713,974,1.0,0.0035812836276899063,0.015601860730178713
"ts_mean(ts_std(high, 10), 10)",0.00026521544133182483,0.0011564202738378188,967,1.0,0.00026521544133182483,0.0011564202738378188
"ts_mean(delta(high, 1), 10)",-0.014101761545354908,-0.06675051084912219,970,1.0,0.014101761545354908,0.06675051084912219
"ts_std(delta(low, 1), 10)",-0.002381514525577428,-0.010296839763373589,970,1.0,0.002381514525577428,0.010296839763373589
"ts_std(log(amount), 10)",0.00027647680890751253,0.0018771527733669885,971,1.0,0.00027647680890751253,0.0018771527733669885
"ts_mean(zscore_xs(amount), 20)",-0.00740457567992445,-0.04103441377520478,966,1.0,0.00740457567992445,0.04103441377520478
"ts_std(ts_std(open, 5), 5)",0.0043265715568029045,0.019677914979888782,973,1.0,0.0043265715568029045,0.019677914979888782
"ts_mean(ts_std(open, 10), 10)",0.0006469949559406394,0.0028119618969897208,967,1.0,0.0006469949559406394,0.0028119618969897208
"ts_std(ts_rank(amount, 20), 10)",-0.001231036107055735,-0.009346041278528092,962,1.0,0.001231036107055735,0.009346041278528092
"delta(delta(low, 1), 5)",-0.011559730675261452,-0.06233875717468933,969,1.0,0.011559730675261452,0.06233875717468933
"delta(log(open), 1)",-0.008893276298040261,-0.04750058199656185,974,1.0,0.008893276298040261,0.04750058199656185
"ts_mean(ts_mean(open, 5), 5)",-0.00694509472176705,-0.03236433456115358,973,1.0,0.00694509472176705,0.03236433456115358
"zscore_xs(ts_mean(high, 20))",-0.007945429491867658,-0.03685625414481451,966,1.0,0.007945429491867658,0.03685625414481451
"ts_std(ts_mean(amount, 10), 5)",-0.007421006404172305,-0.044037936144771576,970,1.0,0.007421006404172305,0.044037936144771576
"delta(ts_std(open, 10), 1)",0.001309879312564614,0.008296343796288007,970,1.0,0.001309879312564614,0.008296343796288007
"ts_mean(zscore_xs(ret), 20)",-0.013598444031396227,-0.06954215888857607,966,1.0,0.013598444031396227,0.06954215888857607
"ts_std(ts_rank(high, 10), 20)",0.0009209235748220402,0.007099459703495321,962,1.0,0.0009209235748220402,0.007099459703495321
"delta(ts_mean(close, 5), 1)",-0.024827188685902075,-0.1237435807505111,973,1.0,0.024827188685902075,0.1237435807505111
"log(ts_std(open, 10))",0.0017243264122003643,0.007493109260667203,971,1.0,0.0017243264122003643,0.007493109260667203
"ts_std(ts_mean(volume, 20), 20)",-0.003655383539895301,-0.02209614964400381,957,1.0,0.003655383539895301,0.02209614964400381
"ts_mean(ts_std(low, 5), 5)",0.00024142175816882695,0.0010497830433169307,973,1.0,0.00024142175816882695,0.0010497830433169307
"ts_std(ts_mean(volume, 5), 5)",-0.004142800479441045,-0.02506588929463954,973,1.0,0.004142800479441045,0.02506588929463954
"ts_mean(delta(close, 1), 20)",-0.01687683920208705,-0.08321345613745601,965,1.0,0.01687683920208705,0.08321345613745601
"ts_mean(ts_mean(ret, 5), 10)",0.0023546882053448823,0.011650142621826256,970,1.0,0.0023546882053448823,0.011650142621826256
"ts_std(ts_std(high, 10), 5)",0.0020784981603643366,0.009620194130218303,970,1.0,0.0020784981603643366,0.009620194130218303
"ts_mean(delta(high, 1), 5)",-0.019762649592818714,-0.09955883014791962,973,1.0,0.019762649592818714,0.09955883014791962
"ts_rank(ts_mean(volume, 5), 20)",0.005195965945893537,0.03764510280950301,965,1.0,0.005195965945893537,0.03764510280950301
"log(ts_rank(high, 10))",-0.01467833175298112,-0.08183518851671677,969,0.9979402677651905,0.01467833175298112,0.08183518851671677
"delta(ts_std(low, 10), 1)",0.00230693911604054,0.014472977294892794,970,1.0,0.00230693911604054,0.014472977294892794
"ts_std(ts_mean(amount, 10), 10)",-0.01019520811851699,-0.06041815276066366,967,1.0,0.01019520811851699,0.06041815276066366
"ts_mean(ts_rank(low, 20), 20)",-0.007980787491122271,-0.046360264518178526,957,1.0,0.007980787491122271,0.046360264518178526
"delta(ts_rank(low, 10), 5)",-0.02151080223566341,-0.1399872227024797,966,1.0,0.02151080223566341,0.1399872227024797
"log(ts_std(low, 5))",0.004442931860156738,0.019440177384167274,974,1.0,0.004442931860156738,0.019440177384167274
"ts_std(delta(volume, 5), 10)",-0.004083320414463572,-0.023956060987948533,966,1.0,0.004083320414463572,0.023956060987948533
"ts_rank(delta(open, 10), 10)",-0.001853394599122448,-0.011739666563495049,959,0.9979188345473465,0.001853394599122448,0.011739666563495049
"ts_mean(ts_mean(ret, 5), 5)",-0.0038263996780297537,-0.01995329614985639,973,1.0,0.0038263996780297537,0.01995329614985639
"delta(delta(low, 5), 1)",-0.011559730675261452,-0.06233875717468933,969,1.0,0.011559730675261452,0.06233875717468933
"delta(log(amount), 1)",-0.009514152295923999,-0.06657223497918302,974,1.0,0.009514152295923999,0.06657223497918302
"delta(ts_std(ret, 10), 1)",-0.001236184935758541,-0.009311013209201184,970,1.0,0.001236184935758541,0.009311013209201184
"ts_mean(ts_std(close, 5), 20)",-0.0018579138281117668,-0.008003652457786295,965,1.0,0.0018579138281117668,0.008003652457786295
"ts_rank(zscore_xs(close), 20)",-0.01615253012304331,-0.08301620378674736,966,1.0,0.01615253012304331,0.08301620378674736
"ts_std(ts_rank(close, 10), 5)",-0.00506733221903956,-0.037716116409872456,970,1.0,0.00506733221903956,0.037716116409872456
"delta(ts_std(open, 10), 5)",-9.764586900638331e-05,-0.0006272652618788977,966,1.0,9.764586900638331e-05,0.0006272652618788977
"log(delta(close, 5))",-0.015016899430910313,-0.06539729097833609,850,1.0,0.015016899430910313,0.06539729097833609
"ts_mean(ts_mean(high, 5), 10)",-0.0073886681197456,-0.034322696086302035,970,1.0,0.0073886681197456,0.034322696086302035
"ts_rank(ts_std(volume, 20), 20)",-0.010544388087703985,-0.08356091987033548,957,1.0,0.010544388087703985,0.08356091987033548
"ts_rank(ts_std(amount, 5), 20)",0.006591813864545964,0.05066306388486438,965,1.0,0.006591813864545964,0.05066306388486438
"ts_mean(ts_std(close, 10), 20)",0.0004375489078793769,0.0018860040057044278,962,1.0,0.0004375489078793769,0.0018860040057044278
"ts_rank(ts_std(low, 5), 20)",0.003617752791184174,0.025067221468935107,965,1.0,0.003617752791184174,0.025067221468935107
"delta(ts_rank(amount, 20), 5)",-0.004408785865446351,-0.03156390665833815,961,1.0,0.004408785865446351,0.03156390665833815
"ts_std(zscore_xs(high), 10)",-0.010095215025928929,-0.057503649048268886,971,1.0,0.010095215025928929,0.057503649048268886
zscore_xs(log(open)),-0.010766241269970056,-0.05002382302724608,975,1.0,0.010766241269970056,0.05002382302724608
"log(ts_mean(ret, 5))",0.0019235256178205713,0.009610705481026674,878,1.0,0.0019235256178205713,0.009610705481026674
"log(delta(ret, 10))",-0.0057543158709586215,-0.029205004208424132,858,1.0,0.0057543158709586215,0.029205004208424132
"ts_mean(ts_rank(low, 20), 5)",-0.006657209841207466,-0.03693159091672536,965,1.0,0.006657209841207466,0.03693159091672536
"zscore_xs(ts_mean(open, 20))",-0.008010008881998022,-0.037218745418759844,966,1.0,0.008010008881998022,0.037218745418759844
"zscore_xs(delta(low, 1))",-0.016730408126847625,-0.0888829761082995,974,1.0,0.016730408126847625,0.0888829761082995
"ts_mean(ts_std(open, 5), 20)",-0.0020334683167233755,-0.008750854248195158,965,1.0,0.0020334683167233755,0.008750854248195158
"ts_std(sign(ret), 10)",-0.005265853556694304,-0.04372742448723699,971,1.0,0.005265853556694304,0.04372742448723699
"delta(ts_std(open, 10), 10)",0.010218182223645615,0.06434913964149575,961,1.0,0.010218182223645615,0.06434913964149575
"ts_rank(delta(amount, 10), 20)",-0.0011701875994208116,-0.008120988187274684,956,1.0,0.0011701875994208116,0.008120988187274684
"ts_std(ts_std(ret, 5), 5)",0.003287066180865591,0.018989295919229467,973,1.0,0.003287066180865591,0.018989295919229467
"zscore_xs(ts_mean(ret, 10))",-0.0021215050294178216,-0.0106602536873325,971,1.0,0.0021215050294178216,0.0106602536873325
"delta(ts_rank(close, 20), 1)",-0.021852846327075594,-0.14512015366127476,965,1.0,0.021852846327075594,0.14512015366127476
"ts_std(delta(amount, 5), 10)",-0.011371167062308556,-0.0650789592315871,966,1.0,0.011371167062308556,0.0650789592315871
"ts_mean(delta(high, 10), 5)",-0.009483746233063,-0.04703792115525495,964,1.0,0.009483746233063,0.04703792115525495
"ts_mean(ts_std(volume, 20), 20)",0.00040176580259556683,0.0023081867987704745,957,1.0,0.00040176580259556683,0.0023081867987704745
"ts_mean(delta(low, 10), 5)",-0.011702187290097357,-0.058086835692033656,964,1.0,0.011702187290097357,0.058086835692033656
"ts_std(log(low), 20)",0.016561293447445117,0.07424551015114864,966,1.0,0.016561293447445117,0.07424551015114864
"delta(delta(open, 1), 5)",-0.0057089058356038554,-0.03145031362594995,969,1.0,0.0057089058356038554,0.03145031362594995
"ts_rank(ts_std(ret, 10), 20)",0.006028599707413218,0.046421804384142326,962,1.0,0.006028599707413218,0.046421804384142326
"ts_std(log(volume), 20)",-0.007571888161745826,-0.050680515539351545,966,1.0,0.007571888161745826,0.050680515539351545
"ts_mean(ts_mean(low, 20), 10)",-0.008925161949805915,-0.04152318305525579,962,1.0,0.008925161949805915,0.04152318305525579
"ts_mean(ts_std(amount, 10), 5)",-0.009246275907798585,-0.05281522108083501,970,1.0,0.009246275907798585,0.05281522108083501
"ts_std(zscore_xs(close), 20)",-0.0037031605712994353,-0.021293667027843462,966,1.0,0.0037031605712994353,0.021293667027843462
"log(ts_mean(amount, 5))",-0.0041922969811572985,-0.023976791997383357,974,1.0,0.0041922969811572985,0.023976791997383357
"ts_mean(ts_std(high, 20), 10)",0.0023939191912893242,0.010381799015122458,962,1.0,0.0023939191912893242,0.010381799015122458
"log(ts_rank(amount, 20))",-0.0022388174799255253,-0.01452009549148082,966,1.0,0.0022388174799255253,0.01452009549148082
"ts_std(delta(close, 5), 5)",-8.622027659136769e-05,-0.0003828182321143399,969,1.0,8.622027659136769e-05,0.0003828182321143399
"delta(ts_mean(high, 10), 10)",-0.00897072280599682,-0.047778760411787864,961,1.0,0.00897072280599682,0.047778760411787864
"ts_std(ts_mean(close, 10), 10)",0.0036355696598530753,0.0164805649918774,967,1.0,0.0036355696598530753,0.0164805649918774
"ts_rank(delta(close, 5), 10)",-0.02374386899610792,-0.14870084120847313,965,0.9989648033126294,0.02374386899610792,0.14870084120847313
"ts_std(ts_rank(low, 20), 20)",-0.00304195373960698,-0.022134222594398196,957,1.0,0.00304195373960698,0.022134222594398196
"zscore_xs(delta(amount, 1))",-0.009815412573593677,-0.06644495393706554,974,1.0,0.009815412573593677,0.06644495393706554
"ts_std(sign(ret), 5)",-0.0022995792401766567,-0.019995608638573678,969,0.9948665297741273,0.0022995792401766567,0.019995608638573678
"ts_std(ts_std(ret, 20), 10)",0.00932493177354715,0.05454535944134386,962,1.0,0.00932493177354715,0.05454535944134386
"ts_rank(ts_std(amount, 5), 10)",0.008795376590040076,0.0734149468888928,970,1.0,0.008795376590040076,0.0734149468888928
"ts_std(ts_mean(low, 5), 10)",0.002414511540651951,0.010740725623224064,970,1.0,0.002414511540651951,0.010740725623224064
"log(delta(amount, 1))",-0.013562597605896842,-0.07166842033314584,931,1.0,0.013562597605896842,0.07166842033314584
"ts_std(ts_rank(high, 20), 10)",-0.008626410708689655,-0.06238460606625565,962,1.0,0.008626410708689655,0.06238460606625565
"ts_std(zscore_xs(high), 20)",-0.003019675266101216,-0.01704449547273785,966,1.0,0.003019675266101216,0.01704449547273785
"ts_mean(ts_mean(close, 5), 10)",-0.007477715171220226,-0.03480600190462376,970,1.0,0.007477715171220226,0.03480600190462376
"ts_rank(log(low), 20)",-0.015162574944564959,-0.07907361561659176,964,0.9979296066252588,0.015162574944564959,0.07907361561659176
"ts_mean(ts_rank(amount, 10), 10)",0.01294820364715419,0.08837917705226012,967,1.0,0.01294820364715419,0.08837917705226012
"ts_rank(ts_std(ret, 10), 10)",0.0020060314407436704,0.016203604259991577,966,0.9989658738366081,0.0020060314407436704,0.016203604259991577
"ts_std(delta(volume, 5), 5)",-0.004086684348864958,-0.02376483894123622,969,1.0,0.004086684348864958,0.02376483894123622
"delta(ts_rank(low, 10), 1)",-0.008464289802351217,-0.058726977860982965,970,1.0,0.008464289802351217,0.058726977860982965
"ts_mean(ts_rank(amount, 20), 10)",0.006512638445509251,0.04243814632808095,962,1.0,0.006512638445509251,0.04243814632808095
"ts_mean(ts_rank(ret, 20), 5)",-0.007583298542188627,-0.04928272746330498,965,1.0,0.007583298542188627,0.04928272746330498
"ts_mean(ts_std(high, 5), 10)",-0.00039487346305823467,-0.0017117922389879715,970,1.0,0.00039487346305823467,0.0017117922389879715
"ts_std(ts_mean(open, 20), 20)",0.00929936075755936,0.04152059997700167,957,1.0,0.00929936075755936,0.04152059997700167
"ts_mean(ts_mean(amount, 20), 20)",-0.008216831599506516,-0.04465000810096989,957,1.0,0.008216831599506516,0.04465000810096989
"ts_std(ts_mean(close, 20), 20)",0.009690674140475483,0.04333937093332444,957,1.0,0.009690674140475483,0.04333937093332444
"ts_mean(zscore_xs(amount), 5)",-0.00474202870094056,-0.027368047370964786,974,1.0,0.00474202870094056,0.027368047370964786
"delta(delta(volume, 1), 10)",-0.010097931889754929,-0.07392358270822068,964,1.0,0.010097931889754929,0.07392358270822068
"ts_std(ts_rank(ret, 10), 20)",0.004149410143795307,0.033080892994761524,962,1.0,0.004149410143795307,0.033080892994761524
"zscore_xs(ts_mean(ret, 20))",-0.01058444457611494,-0.05311357532045522,966,1.0,0.01058444457611494,0.05311357532045522
"delta(log(amount), 5)",-0.003472477427329477,-0.023342512724484246,970,1.0,0.003472477427329477,0.023342512724484246
"zscore_xs(ts_std(amount, 10))",-0.007779691989785971,-0.04499920042163134,971,1.0,0.007779691989785971,0.04499920042163134
"ts_std(log(close), 10)",0.010443251011391236,0.048253898434686214,971,1.0,0.010443251011391236,0.048253898434686214
"ts_std(ts_rank(amount, 20), 20)",-0.014541359381369065,-0.11851678535356067,957,1.0,0.014541359381369065,0.11851678535356067
"ts_std(delta(amount, 5), 20)",-0.0105182605886406,-0.05928488363823733,961,1.0,0.0105182605886406,0.05928488363823733
"ts_std(delta(open, 5), 5)",-0.0012753626378080962,-0.005597441498634344,969,1.0,0.0012753626378080962,0.005597441498634344
"log(delta(ret, 5))",-0.008155659909060762,-0.04292814022757319,871,1.0,0.008155659909060762,0.04292814022757319
"ts_mean(zscore_xs(close), 10)",-0.007609837429232952,-0.03549876099485953,971,1.0,0.007609837429232952,0.03549876099485953
"log(delta(amount, 10))",-0.003693473750589864,-0.019127779721693605,949,1.0,0.003693473750589864,0.019127779721693605
"ts_rank(ts_std(amount, 10), 10)",0.00440473102071915,0.03466582020766752,967,1.0,0.00440473102071915,0.03466582020766752
"ts_std(zscore_xs(amount), 20)",-0.008419284653691591,-0.04926477998001315,966,1.0,0.008419284653691591,0.04926477998001315
"ts_mean(ts_mean(amount, 20), 5)",-0.008388324625552406,-0.045804941573791724,965,1.0,0.008388324625552406,0.045804941573791724
"delta(ts_rank(close, 10), 10)",-0.015330615100030757,-0.10071253627263259,961,1.0,0.015330615100030757,0.10071253627263259
"ts_mean(ts_std(open, 20), 20)",0.003651853030860955,0.01570813482553983,957,1.0,0.003651853030860955,0.01570813482553983
"ts_rank(ts_mean(amount, 20), 20)",-0.007051927431229245,-0.047833077075661555,957,1.0,0.007051927431229245,0.047833077075661555
"ts_std(ts_rank(ret, 10), 5)",0.003017878569604736,0.024069937385934378,970,1.0,0.003017878569604736,0.024069937385934378
"ts_mean(ts_std(low, 10), 20)",0.00047543364781756607,0.002050283693318893,962,1.0,0.00047543364781756607,0.002050283693318893
"log(ts_std(volume, 20))",-0.002987109504159951,-0.017340235452615232,966,1.0,0.002987109504159951,0.017340235452615232
"delta(ts_rank(open, 20), 5)",-0.012480759532384478,-0.07924430204457808,961,1.0,0.012480759532384478,0.07924430204457808
"delta(ts_mean(ret, 5), 5)",-0.010213226676233577,-0.061655977219028164,969,1.0,0.010213226676233577,0.061655977219028164
"zscore_xs(delta(high, 10))",-0.014825052380388986,-0.0702230383964002,965,1.0,0.014825052380388986,0.0702230383964002
"ts_rank(ts_rank(close, 20), 10)",-0.024044300081682835,-0.1568802771453953,961,0.998960498960499,0.024044300081682835,0.1568802771453953
"ts_mean(ts_mean(close, 10), 20)",-0.00871709523710885,-0.04048291707970189,962,1.0,0.00871709523710885,0.04048291707970189
"ts_rank(ts_std(volume, 10), 20)",-0.002818082760458363,-0.021111881995884763,962,1.0,0.002818082760458363,0.021111881995884763
"ts_mean(delta(volume, 5), 5)",0.002512826890788317,0.017908854288163096,969,1.0,0.002512826890788317,0.017908854288163096
"ts_std(ts_mean(ret, 10), 10)",0.016068314543857938,0.07442789520848753,967,1.0,0.016068314543857938,0.07442789520848753
"ts_std(ts_rank(volume, 10), 10)",-0.005172667780814445,-0.044247998230366965,967,1.0,0.005172667780814445,0.044247998230366965
"ts_std(ts_std(close, 5), 10)",0.001783552824430274,0.008010851645798935,970,1.0,0.001783552824430274,0.008010851645798935
"ts_mean(ts_rank(amount, 20), 5)",0.006589681198262318,0.044026511247874454,965,1.0,0.006589681198262318,0.044026511247874454
"ts_mean(ts_mean(low, 20), 5)",-0.008269345108392619,-0.03846895790029617,965,1.0,0.008269345108392619,0.03846895790029617
"ts_std(ts_mean(volume, 20), 5)",0.004909284247659238,0.03010480198148501,965,1.0,0.004909284247659238,0.03010480198148501
"ts_std(delta(amount, 10), 20)",-0.008445108582940637,-0.04771007276044192,956,1.0,0.008445108582940637,0.04771007276044192
"ts_std(zscore_xs(open), 10)",-0.008410243882108107,-0.04788977544568661,971,1.0,0.008410243882108107,0.04788977544568661
"ts_std(ts_rank(close, 20), 5)",-0.008151349686860125,-0.060997949543509795,965,1.0,0.008151349686860125,0.060997949543509795
"ts_std(ts_mean(high, 10), 20)",0.008228501314247834,0.0364029481803888,962,1.0,0.008228501314247834,0.0364029481803888
"ts_std(ts_mean(close, 5), 5)",0.005058818451151078,0.02293255845811998,973,1.0,0.005058818451151078,0.02293255845811998
"ts_mean(ts_std(volume, 5), 10)",-0.0024064398281054664,-0.01385161138301891,970,1.0,0.0024064398281054664,0.01385161138301891
"delta(ts_rank(ret, 20), 1)",-0.008935545611063014,-0.06400140533898746,965,1.0,0.008935545611063014,0.06400140533898746
"log(delta(close, 1))",-0.02286977679634136,-0.09731246944225584,846,1.0,0.02286977679634136,0.09731246944225584
log(zscore_xs(high)),0.0021133251723570103,0.008510581353077222,972,1.0,0.0021133251723570103,0.008510581353077222
"log(ts_std(amount, 5))",-0.0036430953376884795,-0.021800118906769975,974,1.0,0.0036430953376884795,0.021800118906769975
"log(ts_mean(high, 10))",-0.007453602320834327,-0.03470190688145526,971,1.0,0.007453602320834327,0.03470190688145526
"ts_rank(log(ret), 10)",-0.01675076414479162,-0.08790802731910131,739,1.0,0.01675076414479162,0.08790802731910131
"delta(ts_rank(high, 10), 10)",-0.008886094929032385,-0.05822191881483488,961,1.0,0.008886094929032385,0.05822191881483488
"ts_rank(ts_mean(high, 10), 10)",-0.0034596497051585214,-0.01963773554113422,959,0.9917269906928645,0.0034596497051585214,0.01963773554113422
"ts_mean(ts_mean(ret, 10), 10)",-0.0036248000523155964,-0.01830513698625509,967,1.0,0.0036248000523155964,0.01830513698625509
"zscore_xs(ts_mean(open, 5))",-0.007276779646712438,-0.034031677028819415,974,1.0,0.007276779646712438,0.034031677028819415
"ts_mean(ts_rank(close, 10), 10)",0.002297500739939758,0.012607888802321854,967,1.0,0.002297500739939758,0.012607888802321854
"ts_mean(ts_rank(volume, 10), 5)",0.007368756820321605,0.05437134414303482,970,1.0,0.007368756820321605,0.05437134414303482
"ts_std(ts_std(low, 20), 20)",0.004402102552276038,0.020040807731578274,957,1.0,0.004402102552276038,0.020040807731578274
"ts_mean(ts_rank(volume, 20), 5)",0.00969705840453029,0.0687324432413941,965,1.0,0.00969705840453029,0.0687324432413941
"ts_rank(delta(volume, 1), 20)",-0.009515979520951628,-0.07102654529060255,965,1.0,0.009515979520951628,0.07102654529060255
"ts_rank(ts_rank(volume, 20), 10)",-0.0077440714153061635,-0.05772858904034949,962,1.0,0.0077440714153061635,0.05772858904034949
"zscore_xs(ts_mean(high, 5))",-0.007276842092373807,-0.033995628152038194,974,1.0,0.007276842092373807,0.033995628152038194
"log(ts_std(close, 20))",0.0012520224755198006,0.005467794850058948,966,1.0,0.0012520224755198006,0.005467794850058948
"ts_std(ts_std(low, 10), 10)",-0.00021772786819526736,-0.0010131799287377197,967,1.0,0.00021772786819526736,0.0010131799287377197
"ts_mean(ts_std(high, 10), 20)",0.00025957419704980073,0.0011173808912163072,962,1.0,0.00025957419704980073,0.0011173808912163072
"ts_std(ts_rank(volume, 20), 20)",-0.01382254847073211,-0.11582931587871251,957,1.0,0.01382254847073211,0.11582931587871251
"delta(ts_std(ret, 5), 10)",0.006250071931742378,0.04404612641638605,964,1.0,0.006250071931742378,0.04404612641638605
"ts_std(delta(high, 5), 10)",-0.00028154668364275604,-0.0012403799299064227,966,1.0,0.00028154668364275604,0.0012403799299064227
"ts_rank(log(amount), 20)",-0.0022388174799255253,-0.01452009549148082,966,1.0,0.0022388174799255253,0.01452009549148082
"zscore_xs(ts_mean(open, 10))",-0.007595996704364762,-0.03540497496375798,971,1.0,0.007595996704364762,0.03540497496375798
"log(delta(low, 5))",-0.007470215433024638,-0.03265629015637757,841,1.0,0.007470215433024638,0.03265629015637757
"delta(delta(ret, 1), 1)",-0.002913564973761268,-0.018405591313323567,973,1.0,0.002913564973761268,0.018405591313323567
"delta(ts_rank(high, 10), 5)",-0.018807436644988677,-0.12364004495882334,966,1.0,0.018807436644988677,0.12364004495882334
"ts_std(zscore_xs(ret), 5)",0.002418328318707338,0.014380657627394001,974,1.0,0.002418328318707338,0.014380657627394001
"ts_std(ts_rank(low, 20), 5)",-0.012136173884248974,-0.08886139458718394,965,1.0,0.012136173884248974,0.08886139458718394
"ts_rank(ts_std(close, 20), 10)",-0.00021092549713019084,-0.001529810766014236,961,0.998960498960499,0.00021092549713019084,0.001529810766014236
"ts_mean(log(volume), 5)",0.0022247277986256865,0.01284857969575807,974,1.0,0.0022247277986256865,0.01284857969575807
"zscore_xs(ts_std(volume, 5))",0.000160553175682483,0.0009530121996271757,974,1.0,0.000160553175682483,0.0009530121996271757
"ts_mean(ts_mean(open, 10), 20)",-0.008744482639550247,-0.040611192736450204,962,1.0,0.008744482639550247,0.040611192736450204
"ts_rank(delta(low, 1), 10)",-0.011574979786838491,-0.07315844223736984,969,0.9989690721649485,0.011574979786838491,0.07315844223736984
"delta(zscore_xs(high), 1)",-0.009899243534283902,-0.05848951098393967,974,1.0,0.009899243534283902,0.05848951098393967
"ts_mean(delta(low, 10), 10)",-0.010533893975382746,-0.055622510883585136,961,1.0,0.010533893975382746,0.055622510883585136
"delta(ts_rank(amount, 20), 10)",-0.001120739641570381,-0.007795912571184051,956,1.0,0.001120739641570381,0.007795912571184051
"ts_mean(delta(high, 5), 20)",-0.01378386392189462,-0.07236887353997609,961,1.0,0.01378386392189462,0.07236887353997609
"ts_mean(ts_mean(volume, 5), 5)",0.0023057523886575977,0.013350368934199032,973,1.0,0.0023057523886575977,0.013350368934199032
"ts_rank(ts_rank(ret, 10), 10)",-0.016109659276946353,-0.11637492363483785,967,1.0,0.016109659276946353,0.11637492363483785
"ts_mean(ts_rank(ret, 10), 20)",-0.01393737547480619,-0.09085570161006828,962,1.0,0.01393737547480619,0.09085570161006828
"delta(ts_std(high, 10), 10)",0.006852641720248735,0.04373034561360091,961,1.0,0.006852641720248735,0.04373034561360091
"ts_mean(ts_std(ret, 10), 20)",0.00955425906931431,0.03643556342861214,962,1.0,0.00955425906931431,0.03643556342861214
"delta(ts_rank(volume, 10), 1)",-0.008936286303889067,-0.07119909760931663,970,1.0,0.008936286303889067,0.07119909760931663
"delta(ts_rank(high, 20), 1)",-0.007976379924505261,-0.053995355219622114,965,1.0,0.007976379924505261,0.053995355219622114
"ts_rank(delta(amount, 1), 10)",-0.01188811311285183,-0.08683786470926545,970,1.0,0.01188811311285183,0.08683786470926545
"ts_rank(ts_std(open, 5), 10)",-0.00027768862618493735,-0.001980020039756472,969,0.9989690721649485,0.00027768862618493735,0.001980020039756472
