N,trial,sum_abs_f,max_abs_f,n_active,mean_f,lam
5,0,2.406145110761402,0.7209323885989669,5,0.48122902215228036,0.14518146632451706
5,1,2.3179233087947435,0.653900841444171,5,0.4635846617589487,0.19214723654952637
5,2,1.9200674969958325,1.0215026968366865,5,0.2613605517992121,0.17832437265139836
5,3,2.4392736602991105,0.894683806840601,5,0.4878547320598221,0.1739039572296043
5,4,2.3826499477402105,0.8213416845952897,5,0.36623187417883885,0.2531893773801857
5,5,2.6562753092458644,1.256636158714164,5,0.47655902852156806,0.16510453443465276
5,6,2.2122571501364745,0.582662685284546,5,0.4424514300272949,0.22472354660578234
5,7,2.3252681309188303,0.920859893532168,5,0.46505362618376606,0.2895436104885977
5,8,2.896503326110956,1.0786730400452347,5,0.533966116524667,0.2268385476898156
5,9,2.040253845471865,0.9611369497527078,5,0.3245079478900566,0.2093907006211825
5,10,2.123387642365373,0.806565020813294,5,0.3953493742832731,0.23211743934581164
5,11,2.3353134407073073,1.039812208126522,5,0.4367953739962765,0.20855723184090377
5,12,2.962022403047339,1.089775295122224,5,0.572046326054851,0.22951414267984588
5,13,2.112486138438224,0.6260784564649384,5,0.4224972276876448,0.19530612184081775
5,14,3.0348598562663494,1.2132503126446967,5,0.6069719712532698,0.31647214103060334
5,15,2.427820006944316,1.0513913989252657,4,0.4855640013888632,0.24083146016269302
5,16,2.0926911407347912,0.9178866950937223,5,0.3775399305559529,0.19893459281156126
5,17,2.8863177426281146,1.429840423127298,5,0.5772635485256229,0.15054623330364053
5,18,1.7735021335326602,0.6967048623366452,5,0.3275220902441775,0.17043532504876452
5,19,2.0644404410875685,1.0829384889596834,5,0.4128880882175137,0.27126305942316237
5,20,2.28082289496201,0.7193760241713081,5,0.456164578992402,0.16525120749516098
5,21,2.9547892696758304,1.1029218276833042,4,0.5620474574967391,0.21024020547503577
5,22,2.792510749915385,0.8646240554335116,5,0.558502149983077,0.26403907582001607
5,23,2.093526791819638,0.6712283407153713,5,0.41870535836392764,0.30975708933876805
5,24,2.0266176873722124,0.7161216080299085,5,0.31150158292316743,0.24351785603974863
5,25,2.6094441088724296,1.0065033799013283,5,0.3859509902788419,0.22446279165995425
5,26,2.009436204342853,0.6237048762641344,5,0.4018872408685706,0.18030720242409906
5,27,2.9756133617427665,1.2874898900605587,5,0.5951226723485533,0.2859266850083567
5,28,1.711074847570272,0.8884429717189972,5,0.3422149695140544,0.23288953760168188
5,29,1.5472553327816163,0.6429853726624476,5,0.28959477252655913,0.22952228529575777
10,0,4.478429428921878,0.990655666698094,9,0.3012702804165387,0.2037707684877419
10,1,4.1203185502122075,0.8123787622390007,10,0.3555188281743772,0.1989175589951095
10,2,3.845497683539282,0.8155393188464286,10,0.32468009723496233,0.19246616537881964
10,3,5.594637936381133,1.0215200229621721,10,0.430190688186769,0.2172308536159666
10,4,4.471948190818119,1.002777299929391,10,0.2417562333911178,0.24303404074901408
10,5,5.316100670636177,1.4949652936434237,10,0.3051938190048763,0.18485342505816788
10,6,3.2449726161631562,0.7562091376355435,10,0.25307638042764513,0.24135812530538492
10,7,4.482735156324657,0.8756869972733954,10,0.32066191679646455,0.1736789069067197
10,8,5.048554879120946,1.1635081570455013,10,0.29086725801292185,0.1927447373305992
10,9,3.109186219610297,1.001814464584835,10,0.2985048317906511,0.218940417678429
10,10,3.68122261614762,0.9213495556711422,9,0.2856038191403239,0.2050928460773424
10,11,3.8243047105476196,0.9339191537543197,10,0.28026187457414803,0.20602014900515017
10,12,3.487831074720508,0.791398605793302,10,0.2503668183233437,0.23395717204693262
10,13,3.8619923932084665,0.8871560689011124,10,0.3132506411433206,0.2447856194951064
10,14,4.050501240490446,1.0898600775837495,10,0.24759149843511902,0.205490843771949
10,15,3.8883854031295195,1.1103865621238198,10,0.2614068555328282,0.224041633697505
10,16,5.219248292049497,1.1596738912578928,10,0.2535543442491851,0.21383336874347708
10,17,3.0604408198707493,0.6751402423042284,10,0.263062534334288,0.244992633056864
10,18,3.5441418068944603,0.7926129652658023,10,0.32035990915720686,0.21631612616822013
10,19,5.441202330759161,1.1405125371447715,10,0.3547021538983547,0.17203335832640948
10,20,4.3396244662056365,1.394839133563144,10,0.41539644145948385,0.21570342554620453
10,21,4.621597131059016,1.164675551154308,10,0.2292246028750399,0.22980249578420042
10,22,5.131559732826868,1.3052890240077597,10,0.4998635784319008,0.24664860026389887
10,23,6.550261752604469,1.3940105646067769,10,0.2845994646102348,0.22303532130581352
10,24,4.705740710565219,0.892485440851685,10,0.3965495712596093,0.2170915639183543
10,25,3.9141695139736,1.0914471698110635,10,0.37077978729017,0.19074818790255138
10,26,3.179159088679583,0.9959369825505572,10,0.3086471908931057,0.25920648171660043
10,27,4.885022136381707,0.8645472965549615,10,0.34518019276776346,0.213301101713722
10,28,4.387535131400066,1.0939132507357032,10,0.33476345439123495,0.1846805643942268
10,29,4.663969623778037,0.79013477591124,10,0.28234363687606007,0.25185094119889145
20,0,7.515109459803719,1.0892041652765765,20,0.19720873825430324,0.2142599555302099
20,1,7.494753440814004,0.9916755768294931,19,0.1444144398805068,0.2074779216427874
20,2,7.082514611928491,0.8628958653913549,20,0.16984170444358085,0.2094483639973232
20,3,6.7121363634238635,1.1788696047778255,20,0.22097026619788956,0.19084811487984069
20,4,5.5879346024482786,0.9392366889973494,19,0.19446230904391773,0.21487870971594888
20,5,7.153905359146318,0.916689093758424,20,0.24909448056343667,0.19458169162351685
20,6,6.9601502769960675,0.9458774533912007,20,0.24141632128126397,0.1843961254250518
20,7,7.881168344147123,0.9515681315318435,20,0.18052080218119732,0.21317211342391004
20,8,7.0571543210106364,0.9806026886088699,20,0.18238008658317634,0.2059851805687857
20,9,7.377185482757341,1.2794718226069488,20,0.24522767732525294,0.2532766893985836
20,10,5.84112911170824,0.6917242084492363,20,0.1969078259801284,0.27025566820805247
20,11,8.514138737960272,1.2761500843608309,20,0.21600382237587282,0.22473150505670486
20,12,5.6530129823915996,0.8376290038616798,19,0.21640127180159655,0.25273404166538
20,13,6.820922846428776,1.29899750963884,20,0.23082752244702448,0.22652987204806516
20,14,7.968280364760741,1.1191296724077155,20,0.08081802478821043,0.21075224410749221
20,15,7.817114795990802,1.0709806423563708,19,0.20160773586092554,0.1949711862188514
20,16,6.319753065828102,1.1843120731848389,20,0.15880285756135026,0.2194181238354059
20,17,6.714666371789576,1.2248132203451199,20,0.1768494054767818,0.2599063157923058
20,18,7.55214112433571,0.885421833121541,19,0.13238463059549116,0.21661893284743172
20,19,7.66671366519217,1.0661427976686155,19,0.1365176411254955,0.17491314214427914
20,20,5.870334641192048,0.9005201482250408,20,0.16001856419868538,0.2234575958085248
20,21,7.748554639153445,1.0611371474612186,20,0.18599958153430612,0.21866154412453156
20,22,7.9556206201485695,1.2035528730996152,20,0.26981256426648775,0.23363364668817005
20,23,7.509932094612579,0.8756113085315888,20,0.17243234375366628,0.21688676790102565
20,24,6.4782791599895795,0.7401830379957781,20,0.1752893205850256,0.2285970176618873
20,25,7.507641464566378,0.8622764741743164,20,0.13761570695950442,0.24940240165160038
20,26,5.881351465581014,0.8427585367853658,19,0.17136344674701434,0.19911585356825723
20,27,6.785056491803632,0.9644182034011205,18,0.216333528330014,0.20508699139206507
20,28,7.409404887070794,1.2068958713995463,19,0.10703016594868178,0.21284275179610268
20,29,7.838384383426902,1.2830785382295267,20,0.2535803297651923,0.2424702391825388
30,0,10.187244057780246,1.3585612889728986,29,0.11566998405231568,0.19505116900574934
30,1,11.990037780476179,1.2795307239014453,29,0.2169330115239296,0.2181656540174752
30,2,10.121399676618243,0.9000498389862877,30,0.10515888028093508,0.21723291168225947
30,3,10.847008538367868,1.3338140077446854,30,0.16847654861863529,0.2110759382025479
30,4,10.951672294142933,1.2330581533020288,30,0.0871714627064258,0.1854416965849694
30,5,10.197924406937908,1.1146080703784347,30,0.1253174677017171,0.20624378263468318
30,6,12.06612497321548,1.2815543429397747,29,0.16022641790182574,0.2230926553969847
30,7,8.717714654468232,1.359803316947066,29,0.15589023127847382,0.2306178888781954
30,8,9.665880294463173,0.812148460347177,28,0.1655922190149878,0.23552760948185056
30,9,11.040998699941936,1.0997768612260825,30,0.11140545747501171,0.19683623004643236
30,10,10.062390532982059,0.8051103736081466,30,0.18462418065132472,0.23203859947144587
30,11,10.88133538418234,0.9635720601432171,30,0.2024565135456081,0.22522023606726804
30,12,10.411269992878168,0.9905732849621403,30,0.17055761242146544,0.19050834586188228
30,13,10.788470065601018,0.7953801991998899,28,0.19893267572975215,0.2210544962692585
30,14,12.75690750123982,1.294183818105503,30,0.1219909731403142,0.20299792146849255
30,15,9.69169928834393,1.2301081943367111,30,0.11309486937148372,0.2037052359968801
30,16,10.309148436819054,1.1726133257012765,29,0.16091029827989534,0.22995683876086248
30,17,7.733440722986551,0.7922262015515381,30,0.09600191150330736,0.20005308862572774
30,18,9.388510947793813,0.8582553363515922,29,0.17416801285591682,0.2313545434273287
30,19,8.760642995935171,0.8040267017355673,29,0.1398269743543845,0.197086479494542
30,20,9.880225402670671,1.0135233433796145,29,0.12932712535468419,0.19455600986426372
30,21,10.422057725167122,0.9886037274535225,29,0.14028232171444852,0.2094402850321338
30,22,10.722481819523669,1.3207102335738414,30,0.14638321038588004,0.23394614634273586
30,23,11.547494970334924,1.287084541373133,29,0.15805677682984012,0.24735835363995481
30,24,9.914968092604687,1.1692900145104974,30,0.16809608431405607,0.21947358820500762
30,25,11.108086757916546,1.083848859142859,30,0.11519413242033781,0.20841452399395724
30,26,10.13800071449862,1.2871519035792909,30,0.1124153195361532,0.20960505323728498
30,27,10.0025875333342,0.7305849191245773,29,0.17225401617024588,0.23146666431559415
30,28,11.264965629844891,1.2645666360055445,30,0.1663939907515835,0.20943199882096783
30,29,10.056375318918175,1.2508959537661104,29,0.1071910003838591,0.21983457258159522
50,0,15.32677746366662,1.3610336848223035,50,0.08890645205932123,0.20880862595417715
50,1,15.78940968660189,1.2729407065439153,50,0.11895791934335508,0.22538855767446228
50,2,13.955952727259643,0.9648328501599303,48,0.08478786699413388,0.22529271681984067
50,3,16.976733711730844,1.2342612791505916,50,0.0754203476385643,0.20557593218016382
50,4,16.79842316351893,1.2410106543330497,49,0.10978309964598346,0.21983801660655197
50,5,14.521617923052256,0.9838031572970642,50,0.09710484898609244,0.22510006498939947
50,6,17.361238766515196,1.2772694746403175,48,0.08499052134169473,0.20256214648701015
50,7,13.150265550703107,0.944703486967747,49,0.08342625787313175,0.231019215068235
50,8,16.223932315992425,1.3279476828840835,50,0.098935623449457,0.22842117626651653
50,9,15.483400431742597,1.1090901236513617,49,0.10855093668315322,0.20628190712295844
50,10,16.332372467612927,1.271147223737939,49,0.0970999296466212,0.21256203967148107
50,11,13.154522189343597,0.8716764602003332,49,0.08598231078241614,0.2158816925885681
50,12,16.19520376696141,0.9719075521585948,50,0.10301646582330568,0.22443017038264754
50,13,16.184271568891138,1.109400364601099,48,0.08079078338373862,0.20921594752977987
50,14,17.737584801662557,1.3516956599743801,49,0.13761596190761455,0.22480916680475263
50,15,15.32759281586467,1.4164205647997579,50,0.0919292503650822,0.19752363204009118
50,16,15.982962814506832,1.3124927807087565,48,0.0920291740597128,0.224004172757338
50,17,16.014136498532846,0.9990261230367445,47,0.09936546412983258,0.2139755099322948
50,18,15.744382336096445,1.3162824385161762,49,0.09673114804265891,0.23387768294164055
50,19,15.749420725202652,1.2563367504730092,48,0.1441691976956969,0.23390454422439394
50,20,14.352471210392203,1.0498765609511913,49,0.09718753775844996,0.21008286568238307
50,21,15.830260471475022,1.2319482033259939,47,0.07770675600158908,0.21864341378004223
50,22,15.18450482133393,0.7481164352553733,50,0.09426232226620374,0.22517754284461047
50,23,17.749385758465667,1.0496943124656133,49,0.09290469838548371,0.21337430620640352
50,24,15.266360483252257,1.1787581017213529,48,0.07626043768208962,0.22540229572346127
50,25,12.502981055078848,0.9323690371435936,47,0.08105365946141177,0.22687529063528136
50,26,19.612500084555656,1.381111826765415,49,0.11834338495765738,0.20731616354359894
50,27,13.251055661247896,1.1499491817888945,49,0.08235607259808284,0.22574959287709145
50,28,15.277707532439697,1.1567738050717253,49,0.09000948561667833,0.23461740706905004
50,29,14.21358989582721,1.2843880215478665,47,0.10678477685025556,0.22733609587259226
75,0,22.785272851120652,1.3693303401649806,70,0.06968334815658336,0.20651889991144756
75,1,24.125371322727435,1.041377175897718,73,0.08089356418841602,0.21927795982958556
75,2,22.24709812886059,1.3487259952220945,73,0.06955171907169558,0.2206298820086054
75,3,23.49260062309889,1.3096121140560852,74,0.07476423324024964,0.21520197044076161
75,4,21.826151760236893,1.071741265399681,71,0.06436432995217901,0.21364635773730137
75,5,21.104938948544422,1.2928343375475164,74,0.06340196205415288,0.23433180882679164
75,6,22.324493115600983,1.0663133014752817,75,0.06743345563406214,0.21331645286501782
75,7,24.405115807255623,1.260029581229932,74,0.05410040742199822,0.20653265917343458
75,8,23.98968386024853,1.3119346689798328,71,0.05464252661180349,0.22898750086186637
75,9,26.002802502330162,1.2796529184514092,73,0.08158421567853272,0.2225911932803455
75,10,22.120824969128755,1.2139104108925753,74,0.04742357259283168,0.22469092055563933
75,11,23.636590211196648,1.0419394411303942,73,0.08438518712358244,0.21998521979411084
75,12,24.90888426046922,1.2408549247841953,75,0.06277138878690253,0.2172049112547326
75,13,23.471180318261908,1.3488632582502782,72,0.0807839140594916,0.22128440907230357
75,14,20.64062207995426,0.8648221281426334,75,0.05012769327059912,0.21543803626822922
75,15,25.095979737693398,1.2197564044248745,75,0.05828619692762563,0.21710876897945577
75,16,22.202003552849096,1.2665220882287282,72,0.07835936474843813,0.22977920004308833
75,17,23.29616132048076,1.2278809130835735,75,0.06234460420029881,0.2177955579697871
75,18,20.057937116835042,0.7303882451325349,74,0.06292896619781042,0.22969460258802513
75,19,23.647742946602097,1.055071310764424,74,0.06384832111587015,0.22143108799654215
75,20,22.20471286232989,1.3004054068963296,75,0.08295804753769327,0.22908700667240656
75,21,23.74965291204618,1.1901547208089198,73,0.06651649157669028,0.21716439926727038
75,22,21.77657046144186,1.2723529722192575,71,0.06946148059941311,0.22597901143948168
75,23,24.11565478725912,1.0488091591167565,70,0.07963920181467962,0.22890677252042035
75,24,21.250082160348665,0.9686204338803013,75,0.06379208535673914,0.21005200069642505
75,25,24.39438042126892,1.2844607577558866,72,0.07855754597068,0.22756251240202516
75,26,21.925770009320765,0.936582638805493,75,0.07045018184661729,0.23343995320015853
75,27,22.915429465787543,1.3598007016331832,74,0.074974588209816,0.21185649922870387
75,28,22.840661847863913,1.2097103546872312,75,0.06150184839419011,0.22351928642415955
75,29,23.695414382614988,1.2302756380841615,74,0.053289956481944456,0.20795184512035275
100,0,30.6728527789333,0.9734885609694508,97,0.04445335926642822,0.2213059379476032
100,1,27.13622299180126,1.2814551987080067,96,0.06063324262133413,0.23329567904278764
100,2,29.088100400394413,1.3358242789325159,96,0.051720241380866165,0.2122586767109414
100,3,31.055862551231964,1.13321282081449,95,0.04851076191007556,0.21318744975264464
100,4,26.36896940812059,1.2698355153312257,97,0.046036915578317024,0.21850130757721087
100,5,29.189211385731056,1.3486630880090211,98,0.05469032396017574,0.2202003305384518
100,6,30.129371513090845,1.1299529142492468,98,0.05251434126683416,0.2184097757630894
100,7,30.56935325758362,1.0004835401315788,98,0.06177640882808683,0.21543906949704394
100,8,29.601354884297805,1.319476574704907,98,0.05417262878469627,0.22153192068789476
100,9,28.670277306296132,1.1803578926086784,96,0.047235280060113086,0.21767715775978766
100,10,33.028612766344565,1.2620208337262746,99,0.050920397471879736,0.2126366804967505
100,11,31.95852942154372,1.045922711596146,100,0.0570822032804077,0.21451579973754106
100,12,28.24395029940748,1.0763668640132429,100,0.05701575295799275,0.2216031778922014
100,13,33.226299824909276,1.3163803874721511,97,0.05387299545065681,0.2169300616808426
100,14,30.485402347790274,1.3261266543342198,100,0.05427305083306117,0.22120516864358372
100,15,29.174848790619006,1.3288919047838903,96,0.040581581322298145,0.22313956764788226
100,16,29.439874860135443,1.3713213802848285,99,0.052062660201597104,0.21622991566574604
100,17,31.832748302820903,1.2254303661733192,100,0.04952616283203866,0.21209516128870282
100,18,33.21883826364725,1.3399820589751423,96,0.05673706025942191,0.21998356790435952
100,19,30.470703665989458,1.2235323166755792,98,0.04278427472614303,0.2108622472639929
100,20,30.48237377391018,1.3052172537966114,98,0.060498372256745085,0.21307352279975753
100,21,27.983398239849503,1.310323884243554,95,0.05168962628297555,0.22021385117742695
100,22,30.238328588791425,1.3020860390240143,94,0.04318124999625218,0.2201203396816691
100,23,27.907325380137642,1.330252946054289,99,0.054605937746834636,0.2279748534825359
100,24,28.072853469607317,1.219364780626743,96,0.034428587303433456,0.2208281392906567
100,25,31.267471466976524,1.2100128142448978,99,0.051252990994225874,0.20974819974582742
100,26,28.958970706462186,1.1950648016066296,96,0.0337075295407149,0.21135769578949162
100,27,31.388607739253082,1.3164368936413153,98,0.05406719572028284,0.22677126213233673
100,28,30.55504525125209,1.324518135598032,95,0.062292636103834224,0.2118166663448737
100,29,29.11102186466545,1.0449699867981475,96,0.052890807900189095,0.21423388760163292
150,0,43.03438611275375,1.3391366689993658,145,0.03788441162468516,0.22517479412138133
150,1,39.31816439860661,1.3011093204035913,144,0.03903579816524385,0.22042624820278206
150,2,42.722766824471265,1.1655282824300728,148,0.03325442671857742,0.2221597372908885
150,3,42.75243419185996,1.3330425911368675,148,0.03988631380089077,0.21663626660288873
150,4,44.10196517773713,1.34668861335545,147,0.04117421209625328,0.2115124678240567
150,5,47.04118121535115,1.243331827031527,147,0.035256506014743706,0.21466766439951204
150,6,41.388648908939366,1.3266376083977354,144,0.03181248277661885,0.22043126725033654
150,7,43.8027038545927,1.2226405123507162,146,0.043858791142011085,0.21589950392670876
150,8,41.485703181393305,1.1096384580585335,146,0.034038485479333566,0.21643256767636335
150,9,45.093888111021826,1.2094715562768996,147,0.03385450300516497,0.21820272518764786
150,10,42.69474739703966,1.182730782596594,145,0.03795974587702859,0.22295450727103894
150,11,42.096963206630335,1.2201802187024129,143,0.03462226504589445,0.2195037736279292
150,12,43.52961292018287,1.3049227920509194,146,0.04372702426297512,0.21738444931896359
150,13,42.44664392392115,1.3054238953135193,150,0.03594103735666125,0.22744550335561495
150,14,42.936038912137896,1.3119004578506468,147,0.03159920780894525,0.2247814538083525
150,15,44.12052663656418,1.2968711151293217,148,0.04708258255644739,0.2166311774432196
150,16,44.00871466164031,1.3014638662906344,148,0.04131581521896342,0.22100928911818538
150,17,45.61357735253917,1.3302622401173427,146,0.04152106821686489,0.21904595638793112
150,18,43.35649069216083,1.3080850224297513,146,0.03683567585329341,0.21986750391759322
150,19,42.96192261580909,1.3169143958790759,147,0.040324656251405064,0.22078323735883884
150,20,39.73616177365727,1.288320693619546,145,0.043356323675204936,0.22374354923595338
150,21,43.779165451619704,1.1409361830158156,147,0.034342692120390164,0.22059171419951595
150,22,42.96188281353583,1.3246195165354915,145,0.043982478426999004,0.21634395973386267
150,23,44.02175662683959,1.316134256707982,147,0.040738973611794294,0.2166775167305993
150,24,42.933670438146024,1.3075634045115836,143,0.040776762401906884,0.2204402237745669
150,25,44.79105605117046,1.3165848392321442,145,0.041475991370690427,0.2149132109404379
150,26,42.4896774095464,1.312403842193751,147,0.04049780903191934,0.21625837354792202
150,27,44.92865577507084,1.1670706204363919,147,0.033120056388956265,0.221328289107296
150,28,40.05914691169758,1.10688175531855,148,0.03632911962601062,0.22219073610187412
150,29,43.30951355964781,1.2664901348561417,144,0.041681355146231724,0.21894982599632914
200,0,56.400262735123825,1.3278630649252867,196,0.030687511673234944,0.219220329049094
200,1,56.40026273512382,1.327863064925287,196,0.03068751167323494,0.219220329049094
200,2,56.40026273512382,1.3278630649252865,196,0.030687511673234944,0.219220329049094
200,3,56.40026273512382,1.3278630649252863,196,0.03068751167323494,0.219220329049094
200,4,56.40026273512382,1.3278630649252872,196,0.030687511673234955,0.219220329049094
200,5,56.400262735123825,1.327863064925286,196,0.030687511673234948,0.219220329049094
200,6,56.400262735123825,1.3278630649252865,196,0.030687511673234944,0.219220329049094
200,7,56.400262735123825,1.3278630649252867,196,0.030687511673234948,0.219220329049094
200,8,56.40026273512383,1.3278630649252858,196,0.03068751167323496,0.219220329049094
200,9,56.40026273512382,1.3278630649252858,196,0.030687511673234948,0.219220329049094
200,10,56.40026273512382,1.3278630649252858,196,0.030687511673234955,0.219220329049094
200,11,56.40026273512382,1.3278630649252858,196,0.030687511673234944,0.219220329049094
200,12,56.40026273512382,1.3278630649252867,196,0.030687511673234944,0.219220329049094
200,13,56.40026273512382,1.3278630649252872,196,0.030687511673234958,0.219220329049094
200,14,56.40026273512382,1.3278630649252872,196,0.030687511673234955,0.219220329049094
200,15,56.40026273512382,1.3278630649252872,196,0.030687511673234958,0.219220329049094
200,16,56.40026273512382,1.3278630649252863,196,0.030687511673234955,0.219220329049094
200,17,56.400262735123825,1.3278630649252867,196,0.030687511673234944,0.219220329049094
200,18,56.400262735123825,1.3278630649252865,196,0.030687511673234958,0.219220329049094
200,19,56.40026273512382,1.3278630649252863,196,0.03068751167323496,0.219220329049094
200,20,56.40026273512382,1.3278630649252858,196,0.030687511673234955,0.219220329049094
200,21,56.40026273512382,1.3278630649252856,196,0.030687511673234948,0.219220329049094
200,22,56.40026273512382,1.3278630649252863,196,0.030687511673234955,0.219220329049094
200,23,56.40026273512382,1.327863064925286,196,0.030687511673234948,0.219220329049094
200,24,56.40026273512382,1.327863064925286,196,0.030687511673234955,0.219220329049094
200,25,56.40026273512383,1.3278630649252858,196,0.03068751167323496,0.219220329049094
200,26,56.40026273512383,1.327863064925286,196,0.030687511673234948,0.219220329049094
200,27,56.40026273512382,1.3278630649252878,196,0.030687511673234948,0.219220329049094
200,28,56.40026273512383,1.3278630649252865,196,0.030687511673234958,0.21922032904909397
200,29,56.400262735123825,1.3278630649252867,196,0.030687511673234944,0.219220329049094
