stock_id,van_sharpe,van_cagr,van_mdd,van_trades,vp_sharpe,vp_cagr,vp_mdd,vp_trades,bh_sharpe,bh_cagr
2330,-0.07069548654913041,-0.13880349212196985,-0.7096902626317841,33,-0.5353562386087771,-0.5036536321280833,-0.9373232973449306,38,0.8435876267993997,0.6336355446831505
2317,-0.45090627686945783,-0.23363839389666885,-0.6979961426032646,38,-0.3589820608571312,-0.206437558264848,-0.689340799592352,36,0.6686011350653849,0.28668690067761804
2454,-0.6893172703912508,-0.7033160432384034,-0.9894620569419361,40,-0.4452039963015033,-0.5013069598565807,-0.9419078864004142,40,0.8406687831663888,0.5574163700613661
2408,0.4705591588929649,-0.17627963758629428,-0.9549727013452605,35,0.49737054151531884,-0.06606546069541086,-0.9436655495296975,36,0.7605256913579451,0.5590256439780354
3661,-0.7818582244358407,-0.9651656898821355,-0.9999855964352885,40,-0.6346911243614777,-0.9596013291286708,-0.9999784993563253,35,0.9494335099484286,0.6470393707137823
2308,-0.3451825010852233,-0.3933414067467378,-0.8931097873463005,36,-0.19143833683667824,-0.34531964621481814,-0.8940645026110827,33,0.9720224319697234,0.8990921713016049
3017,0.08109184502664572,-0.5823603247293112,-0.9869119230902271,34,0.24966084003657144,-0.7581399139084425,-0.9985529227759079,34,0.926643637722373,1.7775345359958101
2344,0.4892857913479258,0.020812715213549104,-0.8816366428235604,34,0.621204005553679,0.37807985147659995,-0.8093959731543624,33,0.7165952454795793,0.6151747143982711
6669,0.26674056413742503,-0.01249057144476895,-0.7519360300677753,30,0.3058120419813054,0.006113224410542184,-0.7564688036382954,31,1.0133866278727157,0.7455217873762126
2382,1.1245074680638607,0.37627592078347805,-0.3345830618147627,28,0.29059958000235314,-0.10699819091931506,-0.8106962574021306,29,0.8839304438851492,0.5908759999420385
3231,0.2102545364602759,-0.18605260593779438,-0.8710385291486042,31,0.08633510330500986,-0.2476113376772313,-0.8959839401779196,35,0.9103099745010178,0.6313008057626444
2345,-0.5138342966715753,-0.6812678322341907,-0.9869475693357411,38,-0.191169839074428,-0.3813746646503794,-0.9216532615445686,42,0.9567415349163486,1.0341809574647471
2383,0.9018961853626917,0.339441603062391,-0.6941089890534009,31,0.2711866729118136,-0.358522703052213,-0.9516347139138268,33,0.9872875724495035,1.7966089923301252
1815,0.7843288688892752,0.28597829934496133,-0.4305856066239425,34,0.8301912082211226,0.31331987479586476,-0.3863876142291265,36,1.498107590253127,1.0186598722109048
4979,1.2879381417535445,0.6634441372421747,-0.5274361543975657,33,1.2717236850057139,0.6719199794486135,-0.4970765119870183,35,1.5846074311847207,1.3313074282004065
0050,-0.5802447097294164,-0.49958911380002125,-0.9351363922976559,32,-0.5035931692881389,-0.4792581027390751,-0.9237359293831604,29,0.585242379198777,-0.06435266698598507
3450,0.6294624851956375,0.28744970447715,-0.59260849007356,36,0.5645343693076712,0.21075948296476987,-0.6209495488112213,42,1.02616627058425,0.9488628778971406
2327,-0.835701339511733,-0.5604477445978312,-0.9494191980106592,32,-0.8040473928891047,-0.5521147935041604,-0.9499384119686591,34,0.49698070069229866,-0.11562074871949435
3706,0.37449892968926746,0.046054387077361536,-0.5919900415633563,32,0.5413416128257057,0.1792733754967697,-0.5406249999999999,31,0.7466393563870597,0.3774797549745288
3037,-0.6215107348546453,-0.7676549048393932,-0.9961131837022301,38,-0.5658036982523623,-0.7582158261431344,-0.995756963459279,37,0.950984010764623,0.871263513729825
2368,-0.10176402167252321,-0.6556361343047583,-0.9904482086165375,39,-0.4958660011730187,-0.8802131253499423,-0.9996182417650713,42,0.9703902634249991,1.3854625120195534
6274,1.415963867738269,0.6133951324287918,-0.363353281915506,28,1.2066888222109309,0.5018001810296715,-0.38664253380187785,37,1.9772708274706035,1.5289826168741953
3443,0.21978712087970576,-0.21587193664701976,-0.902578769676391,30,-0.2418981724732134,-0.5718457102342323,-0.9806202613154312,35,0.9569160545231135,0.7843446596491939
8358,0.7137925382645322,0.22732455502292592,-0.5373159134986818,36,0.9365225213477943,0.328551009549809,-0.5424204723149841,33,1.4834110858158807,0.8867967128578975
3665,0.7160924509326516,0.3406323162025271,-0.845011829259466,32,0.408100213279437,-0.12690068868978732,-0.9508794112942694,32,1.0459264813169684,1.1720516043257931
2449,0.16664497731014774,-0.05031122480442762,-0.7128580322127405,40,-0.3867721796951559,-0.38256146942454583,-0.8635957986467616,43,0.9762512828082976,0.9532108790883493
2603,-0.6604333913084917,-0.8647305468395887,-0.9985932953485332,24,-0.5818675900086253,-0.7363267144871675,-0.9878396871286387,28,0.8681726714773108,0.07658451154192147
8299,1.504631845459195,0.6051891526909281,-0.34663208089592135,25,1.5295255369494891,0.6147593085581788,-0.35824559886764795,28,1.3509285108967815,0.7452854120912182
3711,0.37362786054848307,0.0682970685958586,-0.5069089676832839,35,0.41387072778464573,0.08238360469225103,-0.4821434222976617,34,1.2955068954262072,0.6732865484063186
3163,1.1674794486794697,0.5393450062532656,-0.27375200367406305,35,1.0230632992640039,0.4320523901011293,-0.4276644850092225,36,1.89593490061563,1.6629834591949026
6770,0.11076448946948142,-0.09904675952580133,-0.5585127592264894,34,0.21754241721632528,-0.04036481701049188,-0.555309481306915,35,0.5491588824735183,0.1620856859471349
3653,0.4530225069892083,0.07180117347235804,-0.765435792756502,36,0.4977034174029238,0.09690731059667068,-0.7918865701668985,37,0.9336722720126299,1.3209123616455485
3324,0.8084237163153419,0.2725918151689688,-0.4479744593655688,34,0.7583348571750974,0.2575190255083999,-0.41444335166807944,36,1.3772590603838881,0.8879447669206888
1519,0.3736541779884112,-0.49272824310183927,-0.9791769066797809,32,0.5742697233614252,-0.2999588529557897,-0.9989440636513351,29,0.9268401934064916,1.4496625347356429
6442,0.8070767439720828,0.3402101127048791,-0.6473704966076959,32,0.7861118823169287,0.34503163933152714,-0.7189343989199283,35,0.911134579962337,2.3965080248947745
8046,-0.3715100352022709,-0.6950911902427663,-0.9925279502466713,31,0.7119232756679961,0.1314674736602499,-0.9232809408153038,31,0.8933053702833962,0.5884371824184806
2357,-0.3073366790782141,-0.24569171737332673,-0.7595423910410339,37,-0.5109733181462628,-0.30702515292838106,-0.7852829047880722,43,0.6691244725516408,0.2745671163146226
2301,-0.30510093309205405,-0.32613656750820763,-0.8498584532421849,36,-0.0961241233861769,-0.2502971344651407,-0.7971130917159783,36,0.7981111583103351,0.35087007708799534
6223,1.1616855034844127,0.46151109823125336,-0.3616587754604794,39,1.2872243512436616,0.5228382829946829,-0.34114651020898623,36,2.367691741469883,2.244173046140954
6805,0.9125735296856672,0.6757399928487682,-0.5505883470570726,24,0.9389717481013617,0.7201014343214833,-0.5521424901134121,23,1.1681783662102034,1.1850319629200499
4931,0.4298029633373162,0.09731540311312159,-0.41780581832123664,31,0.2956029984610264,0.040551414571241784,-0.3954855105744326,32,0.9889951585771288,0.4838183245129579
6781,0.2500908315013781,0.028560961075187796,-0.5480668747062238,29,0.34435005767301885,0.060926382775059684,-0.5798373017360741,27,0.573036968321941,0.17908189521566076
1303,-0.3763017503246214,-0.49049370721620233,-0.9324494510053503,32,-0.45143634247973985,-0.5132816467982542,-0.9338492472173694,39,0.5859735336340955,0.0721578165548089
2059,-0.376936481848541,-0.6245058701638668,-0.9876393335924559,33,0.07922883824367538,-0.28667712480362517,-0.9161763093259099,34,0.9557644888981527,1.0873957703817005
6919,0.3810280322459795,-0.273456395836424,-0.7972398241687182,9,0.6032353025604444,-0.12760436951197152,-0.7951047225225513,9,0.6207497193370112,-0.6629937860753436
3019,0.3198463518649181,0.006325202276741493,-0.5504371827807425,29,0.6529270528742116,0.26853681482604297,-0.5084341255199332,26,0.6919014379559533,0.29640736022988445
2882,-0.06422749154103823,-0.048077751035372374,-0.41639166352975976,32,0.04308202476435649,-0.02461128079880115,-0.35599651344948857,32,0.7353988613405014,0.2318973909709745
6191,-1.0824214089664579,-0.8539001901616516,-0.9981893393770577,40,-0.9631059842555365,-0.8383310487658737,-0.9975431488970525,44,0.8993712119649103,0.4945242709112625
1504,0.10760364838482725,-0.12909073237267177,-0.7777088207191281,27,-0.01759722282207297,-0.19214717933587055,-0.7315320981272682,32,0.7122558030209268,0.2988269220812778
5439,1.617883963889797,0.7759516158368591,-0.3432842060101543,24,1.3204552365250182,0.5693908731614536,-0.35554266109516586,35,1.4910944068870011,0.937211549010434
3211,1.4975189640961641,0.6119348897848405,-0.25583330295881823,26,1.4162020392523937,0.5660715981676501,-0.27391010239167857,28,1.3280325687456094,0.6569750356345556
5274,0.8147476319344649,0.27992237375302653,-0.5811352086768363,35,0.46627719928515293,0.11395936215322089,-0.6194416065070449,38,1.5406369441891175,1.0319447030935658
2881,-0.5066118150726616,-0.20716673282707465,-0.5983961107720346,31,-0.4293238300990121,-0.18659303879584033,-0.572841548358898,27,0.5254839348120944,0.1594572658131459
2609,-0.8218839421741497,-0.6848712546181361,-0.9781341045626892,33,0.42941752007312595,-0.00891043129490543,-0.7978364126093199,26,0.7613759706708457,-0.08289563580233772
2891,-0.5379912960141803,-0.23468386697614596,-0.643634950916665,31,-0.05814494545655829,-0.03503469327932762,-0.3186573315527288,33,0.6770609858627764,0.3125804654258837
2303,-0.4530442845266379,-0.3274838402806206,-0.8572346169925191,32,-0.46632716298599464,-0.33210022651437643,-0.8498410551484535,35,0.7308923983230677,0.21857057393557477
3715,0.533070703551332,0.1335486077505581,-0.5961635194516015,35,0.333783820728092,0.014620586156990134,-0.7101754721355267,39,1.2414508799062824,1.1222344480884385
6139,0.5781592676503923,0.22535531300030298,-0.6300469986655222,35,0.5868418167021482,0.23106283141270167,-0.6101414944096039,36,0.9246939826633189,1.4962912927372107
4991,1.442271005568037,0.7157434234055158,-0.5556539638808429,26,1.611102736832442,0.9145821408425248,-0.5931112667592617,25,1.7949792420695876,1.471942795107874
8021,0.4803673169043129,-0.08192831890221974,-0.8487100748145989,34,0.6615871808557654,0.28701060719422866,-0.8625217853923883,30,0.9207121780951855,1.256184707526351
2404,-0.39863766066783346,-0.6892688007566394,-0.9867308205307742,33,-0.46798499107889274,-0.7034438854363232,-0.9889759304264307,39,0.8597753104752829,0.6814880699489887
6515,1.035905826225628,0.4832025853276827,-0.6994329667200676,33,0.8096915006971586,0.3120350494472026,-0.709141723193381,36,1.4263301920780427,1.7928268948177895
2360,-0.14395758251617694,-0.1922898192535284,-0.8450611680030451,43,-0.1063871376183098,-0.1709292373747704,-0.7863212042109056,41,1.0823696561185752,1.1755101534274637
3167,0.7537455964156178,0.31031107841041794,-0.7946659544548249,31,0.7898982685713349,0.5240762577766935,-0.8593413121719141,29,1.1689656526861048,1.6278572061621537
0056,-0.6072780594429088,-0.1802373772274639,-0.6264812121942882,32,-0.7576619014944396,-0.2127446225254206,-0.6280833659136804,38,0.533006193786145,0.16147910393440545
1802,0.572034726560081,0.18752589980468115,-0.5367729602175162,31,0.4516707517269888,0.0730935723283217,-0.5622702380921278,34,0.8053877783218885,0.4362810416396521
2615,-0.5293001718474549,-0.5086888389470365,-0.9129209067166346,30,0.530278408172172,-0.004253740464713607,-0.8288248547435051,30,0.6845168330636112,-0.01876469844417894
8028,0.049015428479632646,-0.06533505593466804,-0.5311445588468019,39,0.11473273485754226,-0.04219035824633899,-0.5116401474576673,38,1.0817862614885443,0.5894528668676129
4958,0.05896020936785028,-0.14347621617240325,-0.8250140497629566,28,-0.10066466936175517,-0.21550373785746646,-0.8311664580995739,31,0.8950486560543789,0.5428888603021222
3376,-0.21310540643091727,-0.30222114129693156,-0.8636329412504333,32,0.4310350215371961,0.012414320871975804,-0.7978912559560039,33,0.7077117605446189,0.3324153558068197
2337,-0.12637846600967903,-0.3829622232867417,-0.9096735835214932,36,0.3129085515179013,-0.1489104806252528,-0.8179002299515149,31,0.8866327033272539,0.6094754904606032
3529,-0.06648394350565577,-0.10197036535065018,-0.6467541562710126,34,0.11735333036186983,-0.03635230149654167,-0.6477567967507153,34,0.8523893716187619,0.3824351926587295
3260,0.9239718575025025,0.31058722399993255,-0.506310932476912,32,1.0870788557521398,0.4109443472216978,-0.4282012110985278,32,1.5266679406091785,0.8928830594231467
3008,-0.18143358511919572,-0.3564040884827411,-0.8794002861132209,28,-0.1295270753458021,-0.32906161854974625,-0.8652614067168918,31,0.5050596348819224,0.06277411871018268
2313,0.6382374087988003,0.20371980669980783,-0.48139840450490434,28,0.2635104943585384,0.009930784651029256,-0.6250166843459997,34,1.0677349788630428,0.7023121460678212
3533,-0.6121772437541015,-0.7423795420717605,-0.9931573392976695,35,-0.8041112732808572,-0.8411500621179756,-0.9977919415736435,35,0.8694434457368704,0.44138637917485557
5371,0.2090695183037113,0.014294006741731202,-0.46097810153387475,34,0.32512353375598924,0.05511168273041123,-0.4356046780430456,32,0.3293076826360705,0.0478237561485626
3189,-0.2034314907827631,-0.2684282271518523,-0.8764927074164387,33,-0.025865539935181238,-0.25200883275725894,-0.8582330752568594,35,0.9390114199389452,0.662501894151722
2887,-0.16085968325433414,-0.10504337092157878,-0.5735570604138477,34,-0.19447090109731074,-0.12696762966832476,-0.6620101295162755,28,0.5371842340939234,0.15514226615747306
3293,1.2259064887931883,0.323353234727487,-0.24266256388744978,27,1.510456211509593,0.4253440918321403,-0.22378171197158647,23,0.6496150757928276,0.1877385086042902
3363,1.4534289112430114,0.8375946491486479,-0.3021228255779924,34,1.4425555504856182,0.8402145031529127,-0.27900993590849443,34,1.9316888814391924,2.0312354214239545
2049,0.39206297525338224,0.07482890108796858,-0.5376183641866213,29,0.3251316409257624,0.03948891456586634,-0.5839006376624645,31,0.5739785550848212,0.1887332975690641
3081,1.9203321487353295,1.2873113900453612,-0.4167167486753274,30,1.8282944040709501,1.189799908375564,-0.3839498510047087,29,1.8420440771052897,1.7404635751704691
3131,0.8542632843716665,0.33106282006836807,-0.6720693192881284,35,0.8717371796134468,0.34363591598268606,-0.6384926268510154,39,1.6205746017223335,1.2422436963084356
2374,-0.25814460911274006,-0.299247133341333,-0.8301528507133984,37,0.3037096969601237,-0.18269430259973574,-0.7703502271455511,36,0.8129930707410893,0.5338298797098273
8069,-0.26416730350699735,-0.1137460215865782,-0.5478513812017938,30,-0.2408701553579381,-0.10320788983464158,-0.5551412597058981,32,0.059259425413817124,-0.06559460268867501
1605,-0.8155411490509987,-0.42140587316960376,-0.8733161841006102,36,-0.9574132515391311,-0.45950312991987063,-0.8886583792385471,32,0.23353839639696186,-0.1308278126749558
4763,-0.6031581635575249,-0.6911237178434965,-0.9924828088353677,32,0.7067047727769337,0.009490277891366583,-0.9041832527336569,32,0.7860287544342014,-0.38670927217065953
3034,-1.0082467330456284,-0.6850788599370989,-0.9825445564947222,35,0.18701464574336651,-0.4679672813185036,-0.9173917957370441,32,0.7672970719976837,0.06572780082965801
5269,-0.8182774397186557,-0.7827442470111236,-0.9950459276966737,36,-0.190002936541018,-0.7534054921492823,-0.9925267591220782,41,0.8337568512554434,0.22771435869484735
8210,0.7471948095139208,0.6657161240982239,-0.7352476307369942,31,0.5129694588169971,-0.29133504208185035,-0.9552389824367974,30,0.9605428969597414,1.3845790980489787
2376,-0.13325972629463492,-0.3127798002017853,-0.8782115059113873,31,-0.037465745471980574,-0.27555904927482655,-0.8638846709750828,33,0.8558915791437974,0.3296372128529841
6488,0.6750770817562205,0.165562528683167,-0.29890387303260957,29,0.4417387187768428,0.09025003650948826,-0.31198505326593295,34,0.4193762412072355,0.09260592832246206
3013,0.41127450922893743,0.08930719532318876,-0.3654606343672807,32,0.7724362917693837,0.27746355518632604,-0.3615190015676837,32,0.861965964401645,0.7575580962610482
2379,-0.3269188970419319,-0.37560806252405776,-0.8944281010011742,29,-0.6314993492178804,-0.6391502670547053,-0.9801758141340648,30,0.8093389889362326,0.21670419252634998
6446,0.029260190830865007,-0.037709377966754,-0.45066260307998673,33,0.284041752586655,0.041294779365118384,-0.35603771453564004,31,0.4496629724239892,0.10798698228698722
2498,-1.232341263474729,-0.5176696369405526,-0.909435049681278,39,-0.5956472964716203,-0.3864621294886802,-0.8372969349310994,32,0.2495822183301728,-0.11040686346829598
8996,0.4555993711748939,-0.1874104354005397,-0.9424039430481288,25,0.11988010775536649,-0.5426410951865815,-0.9907553020844126,27,0.9706410407944798,0.80511415632573
2618,-0.2955315884488965,-0.16863278286034644,-0.612315016551024,31,0.23509676735728055,0.02805003892353386,-0.2886217039631439,31,0.5828053081530334,0.05663023492789243
2412,-1.026642964537462,-0.14123949896314758,-0.41549473483124466,38,-0.7805727851511074,-0.11104175135835559,-0.37780158746605763,35,0.35100333108365817,0.060406566674580775
